Mã KH,Khách hàng,Nhãn
KH-0001,CÔNG TY TNHH ĐẦU TƯ PHÁT TRIỂN CÔNG NGHỆ BÁCH KHOA,Công nghệ
KH-0002,Công ty CP Phát triển Kỹ thuật và Thương mại Tân Đức,Khác
KH-0003,NGƯỜI MUA KHÔNG LẤY HÓA ĐƠN,Khác
KH-0004,CÔNG TY TNHH PRO ACTIVE GLOBAL VIỆT NAM,Khác
KH-0005,Công ty TNHH Công nghệ Ktech,Công nghệ
KH-0006,NGÂN HÀNG TMCP Á CHÂU,Dịch vụ
KH-0007,Công ty TNHH Tích Hợp Hệ thống CMC Sài Gòn,Công nghệ
KH-0008,CN Cty TNHH Máy Tính Nét (TP. Hà Nội),Công nghệ
KH-0009,CỬA HÀNG VI TÍNH PHÁT ĐẠT BÌNH DƯƠNG,Xây dựng
KH-0010,CN CTY TNHH KDDI VN TẠI TP. HCM,Khác
KH-0011,DNTN VŨ CÁNH,Khác
KH-0012,CÔNG TY TNHH NAVIC VÀ KUNSHIN VIỆT NAM,Khác
KH-0013,CÔNG TY CỔ PHẦN THƯƠNG MẠI VÀ DỊCH VỤ PHÁT TRIỂN CÔNG NGHỆ SÀI GÒN,Công nghệ
KH-0014,CTY TNHH SOFTWAREONE VIỆT NAM,Công nghệ
KH-0015,CÔNG TY TNHH THƯƠNG MẠI VÀ XUẤT NHẬP KHẨU AN NAM,Sản xuất
KH-0016,Văn phòng thường trú Taisei Corporation tại Tp HCM,Công nghệ
KH-0017,CÔNG TY TNHH QUẢNG CÁO VÀ TRUYỀN THÔNG THẾ HỆ MỚI,Dịch vụ
KH-0018,CÔNG TY TNHH TM DV CÔNG NGHỆ MỘT THÀNH VIÊN PHÚ AN,Công nghệ
KH-0019,CÔNG TY TNHH DUY NGUYỄN MPS,Khác
KH-0020,CTY TNHH TRÚC XUÂN,Khác
KH-0021,CÔNG TY CỔ PHẦN GĂNG VIỆT,Khác
KH-0023,CÔNG TY CỔ PHẦN BỆNH VIỆN MẮT QUỐC TẾ HOÀN MỸ SÀI GÒN,Khác
KH-0024,Công Ty TNHH Phần Mềm Kỷ Nguyên Số,Công nghệ
KH-0025,CÔNG TY TNHH SOLID & SOFT,Khác
KH-0026,CÔNG TY TNHH DGS LOGISTICS,Dịch vụ
KH-0027,CÔNG TY TNHH GIAO NHẬN KỶ OAI RỒNG CHI NA,Công nghệ
KH-0028,CÔNG TY TNHH ALTUS GROUP (VIỆT NAM),Khác
KH-0029,CÔNG TY TNHH SHOWA BRAIN NAVI VIỆT NAM,Công nghệ
KH-0030,Công ty TNHH TM DV Thiết bị số Huy Phát,Sản xuất
KH-0031,Công ty TNHH Winning Access Property Việt Nam,Khác
KH-0032,CÔNG TY TNHH MAINETTI (VIỆT NAM),Công nghệ
KH-0033,CÔNG TY TNHH CƠ KHÍ MINH ĐỨC,Sản xuất
KH-0034,CÔNG TY TNHH CBRE (VIỆT NAM),Khác
KH-0035,CÔNG TY TNHH THƯƠNG MẠI TỔNG HỢP LONG SƠN,Xây dựng
KH-0036,CÔNG TY TNHH TIN HỌC VIỄN THÔNG VINAFORE,Công nghệ
KH-0037,CHI NHÁNH CÔNG TY TNHH MỘT THÀNH VIÊN THIẾT BỊ TIN HỌC AN PHÚ,Công nghệ
KH-0038,CÔNG TY TNHH EPSON VIỆT NAM,Khác
KH-0039,NGÂN HÀNG THƯƠNG MẠI CỔ PHẦN BẢN VIỆT,Dịch vụ
KH-0040,CÔNG TY TNHH KỸ THUẬT VÀ CÔNG NGHỆ MINH ANH,Công nghệ
KH-0041,Công ty Luật TNHH GRUENKORN & PARTNER,Công nghệ
KH-0042,CÔNG TY LUẬT TNHH QUỐC TẾ VIỆT NAM (VILAF – HỒNG ĐỨC),Khác
KH-0043,CÔNG TY  TNHH  TM DV  TRANG THIẾT BỊ Y TẾ TPT MIỀN NAM,Dịch vụ
KH-0044,CÔNG TY TRÁCH NHIỆM HỮU HẠN ORGANO VIỆT NAM,Khác
KH-0045,CÔNG TY TRÁCH NHIỆM HỮU HẠN  NTT DATA VIỆT NAM,Khác
KH-0046,CÔNG TY CỔ PHẦN XÂY DỰNG THƯƠNG MẠI VÀ DỊCH VỤ ACT,Dịch vụ
KH-0047,CÔNG TY TNHH THƯƠNG MẠI DỊCH VỤ TIN HỌC VIỄN THÔNG THỊNH PHÁT,Công nghệ
KH-0048,CÔNG TY TNHH TƯ VẤN THIẾT KẾ TUỆ QUANG PT,Dịch vụ
KH-0049,CÔNG TY TNHH WINS SOFT,Khác
KH-0050,CÔNG TY TNHH AMOREPACIFIC VIỆT NAM,Khác
KH-0051,CÔNG TY TNHH GIẢI PHÁP TÍCH HỢP HỆ THỐNG H.N.T.C,Công nghệ
KH-0052,CÔNG TY CỔ PHẦN SAO VIỆT,Khác
KH-0053,CÔNG TY TNHH SẢN XUẤT THƯƠNG MẠI DỊCH VỤ IN CHUYỂN KTK,Dịch vụ
KH-0054,Công Ty TNHH Thương Mại Dịch Vụ ICT Sài Gòn,Dịch vụ
KH-0055,Công ty TNHH MTV Bluzen Vina,Khác
KH-0056,Chi nhánh tại TP.HCM Công ty TNHH Hệ thống Thông tin Ngân hàng Tài chính FPT (TP.HN),Công nghệ
KH-0057,CÔNG TY TRÁCH NHIỆM HỮU HẠN FM SUPPLY CHAIN VIỆT NAM,Công nghệ
KH-0058,CÔNG TY TNHH MONACO HEALTHCARE,Công nghệ
KH-0059,Công ty TNHH PMAS,Khác
KH-0060,Công ty TNHH MTV Thương mại và Dịch vụ ELITE,Công nghệ
KH-0061,CÔNG TY TNHH THƯƠNG MẠI DỊCH VỤ VI TÍNH SAO MAI,Công nghệ
KH-0062,Công Ty TNHH GreyStones Data Systems Việt Nam,Khác
KH-0063,Công ty TNHH MTV CK KT Trí Trung,Khác
KH-0064,LIÊN DANH NK-JIC-PBJ-JTC-TEC-TEDI SOUTH - TRICC,Khác
KH-0065,CÔNG TY TNHH BONFIGLIOLI VIỆT NAM,Khác
KH-0066,CÔNG TY TNHH CÔNG NGHỆ G7,Công nghệ
KH-0067,Công ty TNHH KAHOKU LIGHTING SOLUTIONS Việt Nam,Khác
KH-0068,CÔNG TY TNHH GROOVE TECHNOLOGY VIETNAM,Công nghệ
KH-0069,CÔNG TY CỔ PHẦN THƯƠNG MẠI NAM THIÊN Á,Khác
KH-0070,CÔNG TY TNHH THƯƠNG MẠI NGỌC THIÊN BẢO,Khác
KH-0071,CÔNG TY TNHH SANCOH VIỆT NAM,Khác
KH-0072,Chi nhánh tại TP.Hồ Chí Minh Công ty TNHH Hệ thống thông tin FPT (TP. Hà Nội),Công nghệ
KH-0073,Công ty cổ phần Công nghệ trực tuyến Tầm Nhìn Việt,Công nghệ
KH-0074,Công ty TNHH Khu dân cư LeadGroup,Khác
KH-0075,Công ty TNHH METKRAFT,Khác
KH-0076,CÔNG TY TNHH MITRA ADIPERKASA VIỆT NAM,Công nghệ
KH-0077,CÔNG TY TNHH DÂY CÁP ĐIỆN TAI SIN (VN),Công nghệ
KH-0078,Công ty TNHH Dịch vụ Thắng Lợi,Dịch vụ
KH-0079,CÔNG TY TNHH AYTEC VIỆT NAM,Khác
KH-0080,CÔNG TY TNHH THƯƠNG MẠI DỊCH VỤ NOZV VIỆT NAM,Dịch vụ
KH-0081,CÔNG TY TNHH  SYSONE,Khác
KH-0082,CÔNG TY CỔ PHẦN GIẢI PHÁP CÔNG NGHỆ NÉT SỐ,Công nghệ
KH-0083,Công ty TNHH YKK Việt Nam,Khác
KH-0084,CÔNG TY TNHH TỔ HỢP NHẤT VIỆT,Khác
KH-0085,CÔNG TY TNHH MỘT THÀNH VIÊN SẢN XUẤT THỨC ĂN CHĂN NUÔI BÌNH MINH,Sản xuất
KH-0086,CÔNG TY TNHH XÂY DỰNG VÀ KINH DOANH NHÀ ĐIỀN PHÚC THÀNH,Xây dựng
KH-0087,CÔNG TY TNHH THIẾT BỊ ĐO LƯỜNG VÀ ĐIỀU KHIỂN ĐẠI VIỆT,Sản xuất
KH-0088,Công ty TNHH Công Nghệ Thông Tin Chân Trời Sáng,Công nghệ
KH-0089,Công ty TNHH MTV K-Tech,Công nghệ
KH-0090,CÔNG TY TNHH YOUYOUWINGS,Khác
KH-0091,CÔNG TY CP CÔNG NGHỆ TIÊN PHONG,Công nghệ
KH-0092,Công ty TNHH thương mại và dịch vụ Song Linh,Dịch vụ
KH-0093,CTY TNHH CÔNG NGHỆ VÀ PHẦN MỀM NAM Á,Công nghệ
KH-0094,Công ty TNHH Shiseido Việt Nam,Khác
KH-0095,CÔNG TY CP HỆ THỐNG CÔNG NGHỆ ÁNH LAM,Công nghệ
KH-0096,CHI NHÁNH CÔNG TY TNHH MTV - TỔNG CÔNG TY PHÁT ĐIỆN 3 - CÔNG TY DỊCH VỤ SỬA CHỮA CÁC NHÀ MÁY ĐIỆN,Dịch vụ
KH-0097,Công ty TNHH Đặc Rạng Việt Nam.,Khác
KH-0098,Công ty TNHH Schenker Việt Nam,Khác
KH-0099,CÔNG TY TNHH YKK AP FACADE VIỆT NAM,Khác
KH-0100,CÔNG TY CỔ PHẦN KIẾN TRÚC VÀ THƯƠNG MẠI NSP VIỆT NAM,Xây dựng
KH-0101,Công Ty TNHH Fairfield Việt Nam,Công nghệ
KH-0102,CÔNG TY CỔ PHẦN THẾ GIỚI SỐ,Khác
KH-0103,Công ty CP Phát triển Điện lực Thăng Long,Năng lượng
KH-0104,CÔNG TY TNHH VINA-CPK,Khác
KH-0105,Công Ty TNHH Jang Won Tech Vina,Công nghệ
KH-0106,Công Ty TNHH Thương Mại Dịch Vụ Viết Quang,Dịch vụ
KH-0107,CÔNG TY TNHH TRẦN VIỆT PHÁT,Khác
KH-0108,CÔNG TY CỔ PHẦN TẬP ĐOÀN TRUNG NGUYÊN,Khác
KH-0109,CÔNG TY TNHH MỘT THÀNH VIÊN HIỆP THỊNH,Khác
KH-0110,CÔNG TY CỔ PHẦN CÔNG NGHỆ ĐẠI TRẦN GIA,Công nghệ
KH-0111,Công ty Cổ phần Tiến Bộ Quốc Tế,Khác
KH-0112,Công ty TNHH Thương mại Kỹ thuật Tin học Anh Ngọc,Công nghệ
KH-0113,CÔNG TY TNHH TIẾP VẬN KINTETSU VIỆT NAM,Dịch vụ
KH-0114,CÔNG TY TNHH MỘT THÀNH VIÊN KHÁCH SẠN SUNWAY HÀ NỘI,Dịch vụ
KH-0115,Công ty cổ phần Ipos.vn,Khác
KH-0116,Văn phòng Đại diện công ty Taisei tại Hà Nội,Công nghệ
KH-0117,Công ty Cổ phần Đàug Tư Công nghệ STI,Công nghệ
KH-0118,CÔNG TY CỔ PHẦN PIN HÀ NỘI,Năng lượng
KH-0119,Công ty TNHH Sinh Nam,Khác
KH-0120,Công ty TNHH thương mại kỹ thuật Hải Quang,Khác
KH-0121,Công ty TNHH IKO THOMPSON VIỆT NAM,Khác
KH-0122,Công ty TNHH TotalGaz Việt Nam,Khác
KH-0123,CÔNG TY TNHH GIẢI PHÁP CÔNG NGHỆ HOÀN HẢO,Công nghệ
KH-0124,Công Ty Cổ Phần Điện Ii,Năng lượng
KH-0125,Công Ty Cổ Phần Thương Mại Và Phát Triển Kỹ Thuật Cao Vihoth,Khác
KH-0126,Công ty TNHH Dịch Vụ Tin Học Rồng Việt,Công nghệ
KH-0127,Công ty cổ phần phân phối và bán lẻ BT,Năng lượng
KH-0128,Công ty Công nghệ thông tin Điện lực miền Bắc.,Công nghệ
KH-0129,Công Ty TNHH Cpro Việt Nam,Khác
KH-0130,Công ty TNHH Deloitte Việt Nam,Công nghệ
KH-0131,CÔNG TY CỔ PHẦN SONGWOL VINA,Khác
KH-0132,Bảo hiểm xã hội tỉnh Hà Giang,Dịch vụ
KH-0133,CÔNG TY CỔ PHẦN KIẾN TRÚC ĐỒNG NHÂN,Xây dựng
KH-0134,Công ty TNHH Nông Lâm Sản Tiên Phước,Khác
KH-0135,Công ty TNHH EAGLE ONE ENTERPRISE,Khác
KH-0136,Công ty cổ phần SRP,Khác
KH-0137,CÔNG TY TNHH PHÂN PHỐI SYNNEX FPT,Năng lượng
KH-0138,Công ty TNHH giải pháp công trường xây dựng Doosan Việt Nam,Dịch vụ
KH-0139,Công Ty TNHH Xây Dựng Sandstone,Xây dựng
KH-0140,CÔNG TY TNHH DỊCH VỤ TIN HỌC FPT,Công nghệ
KH-0141,CÔNG TY CỔ PHẦN TRUNG VIỆT HƯNG,Khác
KH-0142,Công ty cổ phần Act Brain Việt Nam,Công nghệ
KH-0143,CÔNG TY CP VI TÍNH MEKONG,Khác
KH-0144,CÔNG TY CỔ PHẦN THƯƠNG MẠI DỊCH VỤ PHÚ SINH KIM,Dịch vụ
KH-0145,NGÂN HÀNG TMCP SÀI GÒN - HÀ NỘI,Dịch vụ
KH-0146,LIÊN ĐOÀN BÓNG ĐÁ NAUY,Khác
KH-0147,Công TY TNHH Công nghệ Nettop Việt Nam,Công nghệ
KH-0148,Công Ty TNHH Sojitz Viet Nam,Công nghệ
KH-0149,CÔNG TY CỔ PHẦN ZAKKA,Khác
KH-0150,CÔNG TY TNHH THƯƠNG MẠI VÀ PHÁT TRIỂN CÔNG NGHỆ AE VIỆT NAM,Công nghệ
KH-0151,Công Ty Cổ Phần Style Stone,Khác
KH-0152,CÔNG TY CỔ PHẦN THÁI MINH,Khác
KH-0153,Công Ty CP Công Nghệ Kỹ Thuật Số - HiTD,Công nghệ
KH-0154,CÔNG TY CỔ PHẦN THIẾT BỊ CÔNG NGHIỆP VÀ CHUYỂN GIAO CÔNG NGHỆ VIỆT THẮNG,Công nghệ
KH-0155,Nhà máy sữa đậu nành Việt Nam Vinasoy - Chi nhánh Công ty Cổ phần Đường Quảng Ngãi,Sản xuất
KH-0156,Công ty TNHH Xây dựng C.A.D,Xây dựng
KH-0157,CÔNG TY TNHH YOUNGONE NAM ĐỊNH,Khác
KH-0158,Chi Nhánh công ty TNHH Em-Tech Việt Nam tại Nghệ An,Công nghệ
KH-0159,Chi nhánh Công ty TNHH Bơm EBARA Việt Nam tại Hà Nội,Công nghệ
KH-0160,CÔNG TY TNHH CÔNG NGHỆ CAO BÁCH KHOA,Công nghệ
KH-0161,Công Ty TNHH Bao Bì MM Vidon,Sản xuất
KH-0162,Công Ty TNHH Menkar,Công nghệ
KH-0163,Công ty TNHH Một Thành Viên Việt Giay,Khác
KH-0164,TRƯỜNG TIỂU HỌC DÂN LẬP VIỆT MỸ,Khác
KH-0165,TRƯỜNG THCS VIỆT MỸ,Khác
KH-0166,CÔNG TY TNHH CÔNG NGHỆ 360 VIỆT NAM,Công nghệ
KH-0167,CÔNG TY TNHH MỘT THÀNH VIÊN TÍN PHÁT COMPUTER,Khác
KH-0168,CÔNG TY CỔ PHẦN GIẢI PHÁP CÔNG NGHỆ THÔNG TIN VIỆT NAM,Công nghệ
KH-0169,CÔNG TY TNHH THƯƠNG MẠI KẾT NỐI AN TOÀN,Khác
KH-0170,Công ty TNHH Pacisoft Việt Nam,Sản xuất
KH-0171,CÔNG TY TNHH MÁY TÍNH ĐỨC AN,Công nghệ
KH-0172,Công ty TNHH Silver Heritage Việt Nam.,Công nghệ
KH-0173,CÔNG TY CỔ PHẦN TÍCH HỢP GIẢI PHÁP KST,Dịch vụ
KH-0174,CÔNG TY TNHH GIẢI PHÁP AN NINH KẾT NỐI CÔNG NGHỆ CAO,Công nghệ
KH-0175,CÔNG TY CỔ PHẦN DỊCH VỤ CÔNG NGHỆ TSC VIỆT NAM,Công nghệ
KH-0176,CÔNG TY TNHH KDDI VIỆT NAM,Khác
KH-0177,CÔNG TY VNPT GLOBAL HK LTD,Khác
KH-0178,CÔNG TY TNHH MỘT THÀNH VIÊN XĂNG DẦU BẾN TRE,Năng lượng
KH-0179,CÔNG TY TNHH GIANG KHÁNH VINH,Khác
KH-0180,Công Ty TNHH Draeger Việt Nam,Khác
KH-0181,Công ty TNHH Thakral One – Chi nhánh tại Hà Nội,Khác
KH-0182,CÔNG TY TNHH  MỘT THÀNH VIÊN THƯƠNG MẠI VÀ DỊCH VỤ THỊNH PHÁT COMPUTER,Dịch vụ
KH-0183,CÔNG TY CỔ PHẦN TRIHAN,Khác
KH-0184,Chi nhánh Công ty cổ phần kho vận Jupiter Việt Nam tại Hà Nội,Công nghệ
KH-0185,Chi nhánh công ty cổ phần giao nhận hàng hoá JUPITER- PACIFIC tại thành phố Hà Nội,Công nghệ
KH-0186,CÔNG TY TNHH OVI CABLES (VIỆT NAM),Khác
KH-0187,CÔNG TY CỔ PHẦN ĐIỆN LỰC KHÁNH HÒA,Năng lượng
KH-0188,Công ty TNHH công nghiệp ADCEL Việt Nam,Sản xuất
KH-0189,CÔNG TY CỔ PHẦN DỊCH VỤ BẢO VỆ ALSOK VIỆT NAM,Dịch vụ
KH-0190,Công ty TNHH Công nghệ Info Việt Nam,Công nghệ
KH-0191,CÔNG TY TNHH VIETTEL - CHT,Khác
KH-0192,HỢP TÁC XÃ MÂY TRE LÁ BA NHẤT,Khác
KH-0193,CÔNG TY TNHH THƯƠNG MẠI QUỐC TẾ TIẾN THÀNH,Khác
KH-0194,CÔNG TY TNHH ESOFTFLOW,Khác
KH-0195,CÔNG TY TNHH FUJI SEAL VIỆT NAM,Khác
KH-0196,CÔNG TY CP MÁY TÍNH – TRUYỀN THÔNG- ĐIỀU KHIỂN 3C,Công nghệ
KH-0197,CÔNG TY TNHH IMAX,Khác
KH-0198,CÔNG TY TNHH CÔNG TY KHAI THÁC ĐÁ VÔI YABASHI VIỆT NAM,Công nghệ
KH-0199,CÔNG TY CỔ PHẦN REECOM GROUP,Khác
KH-0200,CÔNG TY TNHH PHÁT TRIỂN NAM HỘI AN,Khác
KH-0201,CÔNG TY TNHH SHIFT ASIA,Khác
KH-0202,Công ty CP Giải pháp Siêu Việt,Dịch vụ
KH-0203,Công Ty TNHH ENKEI Việt Nam,Khác
KH-0204,CÔNG TY CỔ PHẦN DFM-ENGINEERING,Khác
KH-0205,CÔNG TY TNHH THIẾT BỊ PHỤ TÙNG CÔNG NGHIỆP VIỆT NAM,Sản xuất
KH-0206,CÔNG TY TNHH THƯƠNG MẠI DỊCH VỤ VÀ DU LỊCH SONG ANH,Dịch vụ
KH-0207,CÔNG TY TNHH CÔNG NGHIỆP FULLWEI VIỆT NAM,Sản xuất
KH-0208,CÔNG TY TNHH THIẾT BỊ IN SPM,Sản xuất
KH-0209,VĂN PHÒNG ĐĂNG KÝ ĐẤT ĐAI TỈNH BẮC NINH,Công nghệ
KH-0210,CÔNG TY TNHH MẠNG THÔNG TIN PHẲNG,Công nghệ
KH-0211,CÔNG TY TNHH KONDO TEKKO VIỆT NAM,Khác
KH-0212,CÔNG TY TNHH DONGSUNG VINA,Khác
KH-0213,CÔNG TY CỔ PHẦN CÔNG NGHỆ & KHOA HỌC SÔNG HỒNG,Công nghệ
KH-0214,CÔNG TY CỔ PHẦN ĐẤT HIẾM VIỆT NAM,Khác
KH-0215,CÔNG TY CỔ PHẦN PHẦN MỀM QUẢN LÝ DOANH NGHIỆP,Công nghệ
KH-0216,CÔNG TY TRÁCH NHIỆM HỮU HẠN INOAC VIỆT NAM,Khác
KH-0217,CÔNG TY TNHH THƯƠNG MẠI VÀ DỊCH VỤ DDN,Dịch vụ
KH-0218,CÔNG TY CỔ PHẦN TƯ VẤN VÀ DỊCH VỤ CÔNG NGHỆ THÔNG TIN KINH DOANH MẠNG LƯỚI CÔNG NGHỆ CAO,Công nghệ
KH-0219,ASPEN RESOURCES PTE LTD,Khác
KH-0220,CÔNG TY TNHH BAO BÌ NEXGEN VIỆT NAM,Sản xuất
KH-0221,CÔNG TY TNHH THƯƠNG MẠI VÀ DỊCH VỤ TIN HỌC KHÁNH PHƯƠNG,Công nghệ
KH-0222,CÔNG TY CỔ PHẦN I.P.L,Khác
KH-0223,CÔNG TY TNHH THÀNH LỢI,Khác
KH-0224,Chi nhánh Công Ty TNHH Mazars Việt Nam Tại Hà Nội,Công nghệ
KH-0225,CÔNG TY TNHH BƠM EBARA VIỆT NAM,Công nghệ
KH-0226,CÔNG TY TNHH BR24 VIETNAM,Khác
KH-0227,CÔNG TY TNHH CANON MARKETING VIỆT NAM,Công nghệ
KH-0228,CÔNG TY CỔ PHẦN DỊCH VỤ HÀNG HÓA NỘI BÀI,Dịch vụ
KH-0229,CÔNG TY CỔ PHẦN VIỄN THÔNG GIANG NAM,Công nghệ
KH-0230,Công ty TNHH Thương mại Dịch vụ Xuất nhập khẩu Khôi Nguyên,Dịch vụ
KH-0231,CÔNG TY CỔ PHẦN CAO SU SAO VÀNG,Khác
KH-0232,CÔNG TY TNHH MỘT THÀNH VIÊN ESPERSEN VIỆT NAM,Khác
KH-0233,CÔNG TY TNHH VIỆT PAN - PACIFIC THANH HÓA,Năng lượng
KH-0234,Công Ty TNHH Umec Việt Nam,Khác
KH-0235,CÔNG TY CỔ PHẦN CÔNG NGHỆ MÁY TÍNH VÀ KIẾN TRÚC HÀ NỘI,Công nghệ
KH-0236,CÔNG TY CỔ PHẦN CÔNG NGHỆ THIÊN VẬN,Công nghệ
KH-0237,CÔNG TY CỔ PHẦN ĐẦU TƯ PHÁT TRIỂN CÔNG NGHỆ ỨNG DỤNG TOÀN CẦU,Công nghệ
KH-0238,CÔNG TY TNHH PHẦN MỀM FPT,Công nghệ
KH-0239,CỔNG THÔNG TIN ĐIỆN TỬ NGHỆ AN,Công nghệ
KH-0240,Công ty TNHH Extrans Việt Nam,Khác
KH-0241,Công ty TNHH May Xuất Nhập Khẩu Đức Thành 3,Sản xuất
KH-0242,CÔNG TY CỔ PHẦN HÃNG SƠN ĐÔNG Á,Xây dựng
KH-0243,CÔNG TY TNHH CÔNG NGHỆ THÔNG TIN VIỆT SAO,Công nghệ
KH-0244,CÔNG TY CỔ PHẦN THƯƠNG MẠI VÀ XUẤT NHẬP KHẨU HSC39,Sản xuất
KH-0245,CÔNG TY TNHH HONDA TRADING VIỆT NAM,Khác
KH-0246,CÔNG TY TNHH THƯƠNG MẠI VÀ DỊCH VỤ MITU,Công nghệ
KH-0247,Công ty CP Dịch vụ Công nghệ Tin học HPT,Công nghệ
KH-0248,CÔNG TY CỔ PHẦN DƯỢC PHA NAM,Khác
KH-0249,CHI NHÁNH CSP LEGAL LLC TẠI HÀ NỘI,Dịch vụ
KH-0250,CÔNG TY TNHH MỘT THÀNH VIÊN KARCHER,Công nghệ
KH-0251,CÔNG TY TNHH NETMARKS VIỆT NAM,Công nghệ
KH-0252,CÔNG TY TNHH MOBILE MAPPING VIỆT NAM,Công nghệ
KH-0253,CÔNG TY TNHH MỘT THÀNH VIÊN THỰC PHẨM PHÚC LỘC THỌ,Sản xuất
KH-0254,CÔNG TY TNHH LG ELECTRONICS VIỆT NAM HẢI PHÒNG,Công nghệ
KH-0255,"ACE TECH Co., Ltd",Công nghệ
KH-0256,Công Ty Cổ Phần Chăm Sóc Công Nghệ Thông Tin,Công nghệ
KH-0257,CÔNG TY CỔ PHẦN CÔNG NGHỆ BNH VIỆT NAM,Công nghệ
KH-0258,CÔNG TY CỔ PHẦN THƯƠNG MẠI QUỐC TẾ HOÀN CẦU,Khác
KH-0259,KRYSTAD CONSULT,Khác
KH-0260,CÔNG TY TNHH VALQUA VIỆT NAM,Khác
KH-0261,Cục đăng kiểm Việt Nam,Khác
KH-0262,CÔNG TY CỔ PHẦN CÔNG NGHỆ TÂM HỢP NHẤT,Công nghệ
KH-0263,Công ty TNHH Thịnh Phát Auto,Khác
KH-0264,NGÂN HÀNG THƯƠNG MẠI CỔ PHẦN VIỆT NAM THỊNH VƯỢNG,Dịch vụ
KH-0265,CÔNG TY CỔ PHẦN FOODY,Khác
KH-0266,CÔNG TY CỔ PHẦN CÔNG NGHỆ BÌNH MINH,Công nghệ
KH-0267,Khách hàng mua lẻ-Giao hàng thu tiền ngay,Khác
KH-0268,Công ty TNHH Netika Business Solution Việt Nam,Khác
KH-0269,Công ty TNHH Quốc tế Delta,Khác
KH-0270,CÔNG TY TNHH GEROC,Khác
KH-0271,CÔNG TY TNHH ĐẦU TƯ PHÁT TRIỂN CÔNG NGHỆ VÀ THƯƠNG MẠI TRÚC VÂN,Công nghệ
KH-0272,Công ty Cổ Phần Thiết Bị Máy Tính An Phú Hưng,Công nghệ
KH-0273,CÔNG TY CỔ PHẦN CÔNG NGHỆ SOTA VIỆT NAM,Công nghệ
KH-0274,CÔNG TY TRÁCH NHIỆM HỮU HẠN IMG VIỆT NAM,Khác
KH-0275,CÔNG TY CP IN MINH PHƯƠNG,Khác
KH-0276,Công ty TNHH Thương mại dịch vụ Triparest,Công nghệ
KH-0277,BƯU ĐIỆN TỈNH SƠN LA,Năng lượng
KH-0278,CÔNG TY CỔ PHẦN TẬP ĐOÀN C.E.O,Khác
KH-0279,Công Ty TNHH Yoosung KN Việt Nam,Khác
KH-0280,CÔNG TY TNHH DỊCH VỤ THƯƠNG MẠI KHO ĐỎ,Dịch vụ
KH-0281,CÔNG TY TNHH BOTANICAL COSMETIC,Khác
KH-0282,CÔNG TY TNHH SIÊU SIÊU NHỎ,Khác
KH-0283,CÔNG TY CỔ PHẦN ĐẦU TƯ SMART FUN,Công nghệ
KH-0284,CÔNG TY TNHH BESTPLANT,Khác
KH-0285,CÔNG TY TNHH THÔNG TIN NTT (VIỆT NAM),Khác
KH-0286,CÔNG TY TNHH DAN TI,Khác
KH-0287,CÔNG TY TNHH NAM&CO LONDON,Khác
KH-0288,CÔNG TY CỔ PHẦN DỊCH VỤ GIẢI PHÁP CÔNG NGHỆ MẠNG 10,Công nghệ
KH-0289,CÔNG TY TNHH SỮA CHO TƯƠNG LAI,Công nghệ
KH-0290,CÔNG TY CỔ PHẦN ĐIỆN VÀ CHIẾU SÁNG AN PHÚ,Năng lượng
KH-0291,CHI NHÁNH CÔNG TY TNHH ĐẦU TƯ BẤT ĐỘNG SẢN HÒA BÌNH - KHÁCH SẠN NOVOTEL SUITES HÀ NỘI,Công nghệ
KH-0292,CÔNG TY TNHH CƠ ĐIỆN LẠNH - THƯƠNG MẠI HÒA BÌNH,Năng lượng
KH-0293,Công ty TNHH Công nghiệp nặng Doosan Việt Nam,Sản xuất
KH-0294,Ngân Hàng Thương Mại Cổ Phần Kỹ Thương Việt Nam,Dịch vụ
KH-0295,Công Ty Cổ Phần Công Nghệ Sao Bắc Đẩu,Công nghệ
KH-0296,Chi Nhánh CTy TNHH CARGILL Việt Nam  tại Hưng yên,Công nghệ
KH-0297,Công ty TNHH Quảng cáo Duy Nguyên,Dịch vụ
KH-0298,Công Ty Cổ Phần Thương Mại Và Công Nghệ Thông Tin Tân Việt,Công nghệ
KH-0299,CÔNG TY CỔ PHẦN THƯƠNG MẠI VÀ DU LỊCH TẦM NHÌN VIỆT,Dịch vụ
KH-0300,CÔNG TY CỔ PHẦN SẢN XUẤT VÀ THƯƠNG MẠI ĐIỆN BÌNH SƠN,Năng lượng
KH-0301,Công Ty TNHH Một Thành Viên Techcoms,Công nghệ
KH-0302,Công ty Cổ Phần Visco,Khác
KH-0303,Công ty cổ phần 3B,Khác
KH-0304,Công Ty Cổ Phần Đầu Tư Xây Dựng Thương Mại Công Nghệ Thăng Long,Công nghệ
KH-0305,Phòng Tài Vụ - Viện Quy Hoạch Thủy Lợi,Xây dựng
KH-0306,TRUNG TÂM PHÁT TRIỂN THƯƠNG MẠI ĐIỆN TỬ,Công nghệ
KH-0307,NGÂN HÀNG HỢP TÁC XÃ VIỆT NAM,Dịch vụ
KH-0308,Công ty TNHH Medikit Việt Nam,Công nghệ
KH-0309,Công Ty TNHH Thương Mại Hoàng Phát,Khác
KH-0310,Công ty Cổ phần Sản xuất và Dịch vụ Máy tính 3C,Công nghệ
KH-0311,Công ty TNHH Thương mại và xuất nhập khẩu D&C Việt Nam,Sản xuất
KH-0312,CÔNG TY CỔ PHẦN CÔNG NGHỆ VÀ TRUYỀN THÔNG TECCOM,Công nghệ
KH-0313,CÔNG TY TNHH QUẢN LÝ XÂY DỰNG VINCOM 1,Dịch vụ
KH-0314,Công ty TNHH Đầu tư xây dựng và thương mại Ngãi Cầu,Xây dựng
KH-0315,Công Ty TNHH thương mại kỹ thuật Thiên Phú,Khác
KH-0316,CÔNG TY TNHH CÔNG NGHỆ ĐỘT DẬP MOCHIZUKI VIỆT NAM,Công nghệ
KH-0317,Công ty TNHH Dịch Vụ Số Hợp Quân,Dịch vụ
KH-0318,Công ty TNHH Ogishi Việt Nam,Khác
KH-0319,CÔNG TY CỔ PHẦN VIỆT NGA,Khác
KH-0320,CHI NHÁNH CÔNG TY TNHH TODA VIỆT NAM TẠI HÀ NỘI,Khác
KH-0321,CÔNG TY TNHH DỊCH VỤ THƯƠNG MẠI TRANG NHI,Dịch vụ
KH-0322,CÔNG TY TNHH VIETNAM JINTUO ELECTRONICS,Công nghệ
KH-0323,CÔNG TY TNHH MTV THƯƠNG MẠI ITCG VIỆT NAM,Công nghệ
KH-0324,Công ty CP Đầu tư và Phát triển Đô thị Việt Hưng,Khác
KH-0325,CÔNG TY TNHH CÔNG TRÌNH CẤP THOÁT NƯỚC & HẠ TẦNG ĐÔ THỊ M.A.T,Công nghệ
KH-0326,CÔNG TY TNHH TƯ VẤN MRI,Dịch vụ
KH-0327,CÔNG TY TRÁCH NHIỆM HỮU HẠN DIGITAL DAESUNG VIỆT NAM,Công nghệ
KH-0328,CÔNG TY TNHH POWER LOGICS VINA,Năng lượng
KH-0329,CÔNG TY CỔ PHẦN QUỐC TẾ WORLD STAR,Công nghệ
KH-0330,CÔNG TY CỔ PHẦN TẬP ĐOÀN VBCC,Khác
KH-0331,CHI NHÁNH MIỀN TRUNG CÔNG TY CỔ PHẦN TU BỔ DI TÍCH TW-VINAREMON,Công nghệ
KH-0332,CÔNG TY TNHH PIN GP (VIỆT NAM),Năng lượng
KH-0333,CÔNG TY TNHH THỜI TRANG STAR,Công nghệ
KH-0334,CÔNG TY CỔ PHẦN TƯ VẤN XÂY DỰNG CẢNG - ĐƯỜNG THUỶ,Dịch vụ
KH-0335,CÔNG TY TNHH NISSHO ELECTRONICS VIỆT NAM,Công nghệ
KH-0336,CÔNG TY TNHH DỊCH VỤ VÀ THƯƠNG MẠI VIETSUN,Dịch vụ
KH-0337,CÔNG TY CỔ PHẦN HỒNG LAM,Khác
KH-0338,CÔNG TY CỔ PHẦN PHÁT TRIỂN NGUỒN NHÂN LỰC THÁI SƠN,Xây dựng
KH-0339,CÔNG TY TNHH CÔNG NGHỆ VÀ GIẢI PHÁP THÔNG MINH,Công nghệ
KH-0340,CÔNG TY TNHH KỸ NGHỆ BANICO,Khác
KH-0341,Công Ty Cổ Phần YoTek,Khác
KH-0342,CÔNG TY CỔ PHẦN BÁCH TOÀN,Khác
KH-0343,TỔNG CÔNG TY CỔ PHẦN BIA- RƯỢU- NƯỚC GIẢI KHÁT HÀ NỘI,Khác
KH-0344,CÔNG TY CỔ PHẦN TƯ VẤN  QUẢN TRỊ DOANH NGHIỆP TINH VÂN,Dịch vụ
KH-0345,CÔNG TY TNHH HJC VINA,Khác
KH-0346,CÔNG TY CP - TẬP ĐOÀN THAIGROUP,Công nghệ
KH-0347,Tổng cục hậu cần - Bộ quốc phòng,Khác
KH-0348,CÔNG TY CỔ PHẦN ỨNG DỤNG VÀ PHÁT TRIỂN CÔNG NGHỆ THÔNG TIN,Công nghệ
KH-0349,Công Ty TNHH Thiết Bị Tin Học Vinatech,Công nghệ
KH-0350,BAN PHÁT TRIỂN CỘNG ĐỒNG XÃ VÂN THANH,Năng lượng
KH-0351,CÔNG TY CỔ PHẦN XÂY LẮP VÀ ĐIỆN NƯỚC QUANG MINH,Năng lượng
KH-0352,CÔNG TY TNHH THÁI HOA ĐÔ,Khác
KH-0353,CÔNG TY TNHH THƯƠNG MẠI & ĐẦU TƯ CÔNG NGHỆ PHƯỢNG HOÀNG,Công nghệ
KH-0354,TRUNG TÂM ĐĂNG KIỂM XE CƠ GIỚI 98-02D-CNHTXĐTXDQL VÀ KT CHỢ HẢI AN TẠI TPBG,Khác
KH-0355,Công Ty TNHH Một Thành Viên Điện Tử Tin Học MHQ,Công nghệ
KH-0356,Công ty Cổ Phần Giải Pháp Tech Vietnam,Công nghệ
KH-0357,CÔNG TY CỔ PHẦN DỊCH VỤ VĂN PHÒNG BẮC HÀ,Dịch vụ
KH-0358,Công ty TNHH KSS Việt Nam,Khác
KH-0359,CÔNG TY CỔ PHẦN PHÁT TRIỂN DỊCH VỤ AN LỘC,Dịch vụ
KH-0360,"Hợp tác xã đầu tư, xây dựng, quản lý và khai thác chợ Hải An",Công nghệ
KH-0361,CÔNG TY TNHH THƯƠNG MẠI ĐIỆN TỬ BẢO GIANG,Công nghệ
KH-0362,VĂN PHÒNG CÔNG CHỨNG NGUYỄN VĂN THU,Khác
KH-0363,Công ty TNHH Công Nghệ Phần Mềm TOP Việt Nam,Công nghệ
KH-0364,CÔNG TY TNHH HỆ THỐNG MỚI VIỆT NAM,Công nghệ
KH-0365,CÔNG TY CỔ PHẦN CÔNG NGHỆ VÀ TIN HỌC EST,Công nghệ
KH-0366,Công ty Cổ Phần Đầu tư và Phát triển nhà Hà Nội số 52,Khác
KH-0367,CÔNG TY TNHH CÔNG NGHỆ VÀ TRUYỀN THÔNG AN MA VIỆT NAM,Công nghệ
KH-0368,CÔNG TY CỔ PHẦN BELLSYSTEM24-HOASAO,Khác
KH-0369,CÔNG TY TNHH THƯƠNG MẠI VÀ ĐẦU TƯ PHÁT TRIỂN CÔNG NGHỆ,Công nghệ
KH-0370,VĂN PHÒNG ĐẠI DIỆN NGÂN HÀNG TNHH CTBC TẠI HÀ NỘI,Dịch vụ
KH-0371,CÔNG TY TNHH MAXPORT LIMITED (VIET NAM),Công nghệ
KH-0372,CÔNG TY TNHH CÔNG NGHỆ PHẨM BA ĐÌNH,Công nghệ
KH-0373,CÔNG TY CP THỦY ĐIỆN LEADER NAM TIẾN,Năng lượng
KH-0374,CÔNG TY CỔ PHẦN A B PHÚ QUỐC,Khác
KH-0375,CHI NHÁNH CÔNG TY TNHH TƯ VẤN KỸ THUẬT TIN HỌC VÀ THƯƠNG MẠI VIỆT C.A.D,Công nghệ
KH-0376,CÔNG TY CỔ PHẦN BLUESOFTS,Khác
KH-0377,CÔNG TY TNHH ĐIỆN GIÓ CHÍNH THẮNG,Năng lượng
KH-0378,CÔNG TY CỔ PHẦN ADVANTECH VIỆT NAM TECHNOLOGY,Công nghệ
KH-0379,CÔNG TY TNHH CÔNG NGHỆ THÔNG TIN VIỆT NAM SƠN,Công nghệ
KH-0380,CÔNG TY CỔ PHẦN KỸ THUẬT CMP,Khác
KH-0381,CÔNG TY TNHH THIẾT BỊ NỘI THẤT CAO CẤP,Sản xuất
KH-0382,CÔNG TY TNHH TÍN BẢO LAN,Khác
KH-0383,CÔNG TY TNNHH KỸ THUẬT BỀN VỮNG VIỆT NAM,Năng lượng
KH-0384,CÔNG TY CỔ PHẦN CÔNG NGHỆ VÀ DỊCH VỤ MÁY CHỦ MINH CHÂU,Công nghệ
KH-0385,CÔNG TY TNHH INSIGHT TECHNOLOGY VIỆT NAM,Công nghệ
KH-0386,CÔNG TY LIÊN DOANH Y HỌC VIỆT - HÀN,Khác
KH-0387,Công ty TNHH dịch vụ công nghệ phát triển bền vững và quản lý năng lượng,Công nghệ
KH-0388,Công ty cổ phần tư vấn thiết kế điện Long Giang,Dịch vụ
KH-0389,CÔNG TY TNHH HỆ THỐNG TRUYỀN TẢI VÀ PHÂN PHỐI TOSHIBA (VIỆT NAM),Công nghệ
KH-0390,CÔNG TY TRÁCH NHIỆM HỮU HẠN TIẾP VẬN THĂNG LONG,Dịch vụ
KH-0391,CÔNG TY CỔ PHẦN XÂY DỰNG VÀ ĐẦU TƯ THƯƠNG MẠI HOÀNG HÀ,Xây dựng
KH-0392,Học Viện Khoa Học Xã Hội,Khác
KH-0393,CÔNG TY TNHH TƯ VẤN GIẢI PHÁP VÀ ĐÀO TẠO CÔNG NGHỆ THÔNG TIN DIPT,Công nghệ
KH-0394,Chi nhánh công ty cổ phần Logistics Vinalink,Dịch vụ
KH-0395,Công Ty TNHH Framas HaNoi,Khác
KH-0396,CÔNG TY TNHH FRAMGIA VIỆT NAM,Khác
KH-0397,TRUNG TÂM TIN HỌC- BỘ KHOA HỌC CÔNG NGHỆ,Công nghệ
KH-0398,CÔNG TY TNHH CÔNG NGHỆ PHẦN MỀM SAO VIỆT,Công nghệ
KH-0399,Công Ty TNHH Sao Đỏ Việt Nam,Khác
KH-0400,CÔNG TY CỔ PHẦN THƯƠNG MẠI MÁY CHỦ HÀ NỘI,Khác
KH-0401,Công ty TNHH Fujitsu Việt Nam,Công nghệ
KH-0402,CÔNG TY TNHH PHẦN MỀM CHẤT LƯỢNG,Công nghệ
KH-0403,TRUNG TÂM HẠ TẦNG THÔNG TIN TỈNH PHÚC,Công nghệ
KH-0404,CÔNG TY CỔ PHẦN TÍCH HỢP HỆ THỐNG THÔNG TIN 3CSI,Công nghệ
KH-0405,CÔNG TY CỔ PHẦN HYUNDAI THÀNH CÔNG VIỆT NAM,Công nghệ
KH-0406,CHI NHÁNH - CÔNG TY TNHH MỘT THÀNH VIÊN VIỄN THÔNG QUỐC TẾ FPT,Công nghệ
KH-0407,CÔNG TY CỔ PHẦN CÔNG NGHỆ THÔNG TIN NAM Á,Công nghệ
KH-0408,CÔNG TY CỔ PHẦN CÔNG NGHỆ THƯƠNG MẠI DỊCH VỤ VIETSTARS,Công nghệ
KH-0409,CÔNG TY CỔ PHẦN TƯ VẤN VÀ ĐẦU TƯ XÂY DỰNG THÁI NGUYÊN,Dịch vụ
KH-0410,CÔNG TY TNHH THƯƠNG MẠI DỊCH VỤ VÀ PHÁT TRIỂN CÔNG NGHỆ TOÀN THẮNG,Công nghệ
KH-0411,CHI NHÁNH MIỀN BẮC - CÔNG TY CỔ PHẦN HẠ TẦNG VIỄN THÔNG CMC,Công nghệ
KH-0412,CÔNG TY CỔ PHẦN CÔNG NGHỆ GIÁO DỤC VÀ TRUYỀN THÔNG VECTECH,Công nghệ
KH-0413,CÔNG TY CỔ PHẦN CÔNG NGHỆ BẰNG HỮU,Công nghệ
KH-0414,CÔNG TY CỔ PHẦN ĐẦU TƯ CAPITAL HOUSE,Công nghệ
KH-0415,CÔNG TY CỔ PHẦN DỊCH VỤ VÀ CÔNG NGHỆ MIỀN BẮC,Công nghệ
KH-0416,CÔNG TY TNHH THƯƠNG MẠI TÂN AN,Khác
KH-0417,CÔNG TY TNHH MEKTEC MANUFACTURING (VIỆT NAM),Khác
KH-0418,Công ty TNHH Kỹ Nghệ Phúc Anh,Khác
KH-0419,CÔNG TY CỔ PHẦN TECOMEN,Khác
KH-0420,CÔNG TY CỔ PHẦN RCEE - NIRAS,Khác
KH-0421,CÔNG TY CỔ PHẦN TMC HÀ NỘI- VIỆT NAM,Khác
KH-0422,Công ty TNHH JGC Việt Nam,Khác
KH-0423,CÔNG TY TNHH TCG LAND,Khác
KH-0424,Công ty Cổ phần Overseas Fashions,Khác
KH-0425,Công ty TNHH Trung tâm Gia công Hà Nội Việt Nam POSCO-VNPC,Sản xuất
KH-0426,Công Ty TNHH Liên Kết Công Nghệ,Công nghệ
KH-0427,Chi Nhánh Công Ty TNHH Comin Việt Nam,Khác
KH-0428,Công Ty TNHH Hệ Thống Công Nghiệp Việt Nam,Công nghệ
KH-0429,Công ty TNHH Hellobyte,Khác
KH-0430,Công Ty Cổ Phần Thương Mại Kỹ Thuật Tam Thành Phát,Khác
KH-0431,Văn phòng đại diện New World Fashion Group tại Hồ Chí Minh,Khác
KH-0432,CÔNG TY CỔ PHẦN ĐẦU TƯ Q&T,Khác
KH-0433,CÔNG TY TNHH CHUNGHWA TELECOM VIỆT NAM,Khác
KH-0434,Công ty TNHH Comin Việt Nam,Khác
KH-0435,Công Ty Cổ Phần Công Nghệ Thông Tin Địa Lý Ek,Công nghệ
KH-0436,Công Ty Cổ Phần Thức Ăn Chăn Nuôi Thái Dương,Sản xuất
KH-0437,Công ty TNHH Thương Mại Và Công Nghệ Việt,Công nghệ
KH-0438,Công ty TNHH Dịch vụ Tiện ích Quốc tế OCS,Dịch vụ
KH-0439,TRUNG TÂM THỬ NGHIỆM KHÍ THẢI PHƯƠNG TIỆN GIAO THÔNG CƠ GIỚI ĐƯỜNG BỘ,Năng lượng
KH-0440,Công Ty TNHH Viễn Thông Và Công Nghệ Cao Thái Sơn,Công nghệ
KH-0441,Công ty TNHH thương mại và sản xuất Hoàng Mai,Công nghệ
KH-0442,CÔNG TY CỔ PHẦN THƯƠNG MẠI HỒNG HÀ,Khác
KH-0443,TRUNG TÂM THÔNG TIN DỮ LIỆU ĐIỆN TỬ TỈNH THỪA THIÊN HUẾ,Công nghệ
KH-0444,CÔNG TY TNHH DỊCH VỤ CÔNG NGHỆ THÔNG TIN TOÀN CẦU,Công nghệ
KH-0445,CÔNG TY TNHH HANSOL ELECTRONICS VIỆT NAM,Công nghệ
KH-0446,CÔNG TY TNHH NETCAB,Khác
KH-0447,CÔNG TY CỔ PHẦN VICOSTONE,Khác
KH-0448,CÔNG TY TNHH SX-TM HÀNH MỸ,Khác
KH-0449,CÔNG TY TNHH MANPOWER VIỆT NAM,Năng lượng
KH-0450,CHI NHÁNH CÔNG TY LIÊN DOANH TNHH NIPPON EXPRESS (VIỆT NAM) TẠI HÀ NỘI,Khác
KH-0451,CÔNG TY CỔ PHẦN ĐIỆN TOÁN VIỄN THÔNG VIETTELCO,Công nghệ
KH-0452,CÔNG TY CỔ PHẦN KỸ THUẬT SIGMA,Khác
KH-0453,Công ty cổ phần đầu tư và phát triển kỹ thuật năng lượng VEC,Năng lượng
KH-0454,CÔNG TY CỔ PHẦN GIẢI PHÁP CÔNG NGHỆ SAVIS VIỆT NAM,Công nghệ
KH-0455,Công ty cổ phần Vận tải & Dịch vụ Petrolimex Nghệ Tĩnh,Dịch vụ
KH-0456,Công ty TNHH May Mặc Excel Việt Nam,Sản xuất
KH-0457,CÔNG TY CỔ PHẦN TẬP ĐOÀN PHƯỢNG HOÀNG XANH A&A,Khác
KH-0458,TRƯỜNG QUỐC TẾ ĐA CẤP ANH VIỆT HOÀNG GIA (BVIS ROYAL),Khác
KH-0459,CÔNG TY TNHH DU LỊCH MẠO HIỂM XUYÊN Á,Dịch vụ
KH-0460,Công ty TNHH Thiết Bị Khoa Học Công Nghệ Mới,Công nghệ
KH-0461,Công ty Cổ Phần Máy Tính Nhật Mỹ,Công nghệ
KH-0462,Dự án phát triển hệ thống thông tin quản lý ngành Lâm nghiệp tại Việt Nam-Giai đoạn 2 (Formis II),Công nghệ
KH-0463,Công Ty TNHH Fruit of The Loom Việt Nam,Công nghệ
KH-0464,CÔNG TY TNHH TIN HỌC VIỄN THÔNG NHẤT TIẾN CHUNG,Công nghệ
KH-0465,CÔNG TY CỔ PHẦN PHẦN MỀM THĂNG LONG,Công nghệ
KH-0466,CÔNG TY TNHH JFD VIỆT NAM,Khác
KH-0467,TRUNG TÂM ỨNG DỤNG CÔNG NGHỆ THÔNG TIN XÚC TIẾN THƯƠNG MẠI,Công nghệ
KH-0468,Công ty TNHH Công nghiệp Oriental Sports Việt Nam,Sản xuất
KH-0469,Công ty TNHH ACTIVE-SEMI Việt Nam,Khác
KH-0470,Công Ty CP Dịch Vụ Công Nghệ Sao Bắc Đẩu,Công nghệ
KH-0471,CÔNG TY CỔ PHẦN SSS VIỆT NAM,Khác
KH-0472,Công Ty TNHH Sự Lựa Chọn Vàng,Khác
KH-0473,CÔNG TY CỔ PHẦN THƯƠNG MẠI DỊCH VỤ TIN HỌC TÍN THÀNH,Công nghệ
KH-0474,Công ty TNHH Yen Of LonDon,Khác
KH-0475,Công ty TNHH Sugiko Việt Nam,Khác
KH-0476,CHI NHÁNH CÔNG TY TNHH PHẦN MỀM FPT TẠI ĐÀ NẴNG,Công nghệ
KH-0477,CÔNG TY CỔ PHẦN GIẢI PHÁP CÔNG NGHỆ FANXIPAN VIỆT NAM,Công nghệ
KH-0478,Chi nhánh công ty TNHH Shoei Việt Nam tại Bắc Ninh,Khác
KH-0479,Công ty TNHH Terumo Việt Nam,Khác
KH-0480,CÔNG TY TNHH CÔNG NGHỆ ẮC QUY HENG LI (VIỆT NAM),Công nghệ
KH-0481,CÔNG TY TNHH VSIP BẮC NINH,Khác
KH-0482,Công Ty Cổ Phần Hà Yến,Khác
KH-0483,Công Ty Cổ Phần Trò Chơi Hiker,Công nghệ
KH-0484,Văn phòng dự án Tổ chức TRAFFIC International tại Việt Nam,Khác
KH-0485,CÔNG TY CỔ PHẦN NHÂN LỰC QUỐC TẾ HRI,Dịch vụ
KH-0486,CỤC XÚC TIẾN THƯƠNG MẠI,Khác
KH-0487,CÔNG TY CỔ PHẦN HANACANS,Khác
KH-0488,QES (ASIA - PACIFIC) SDN BHD.,Khác
KH-0489,Công Ty TNHH Puretech Việt Nam,Công nghệ
KH-0490,Công ty TNHH MTV Cao Su Dầu Tiếng,Khác
KH-0491,Công ty TNHH PASONA TECH Việt Nam,Công nghệ
KH-0492,Công ty TNHH công nghiệp C.N.T,Sản xuất
KH-0493,Công Ty TNHH Honda Lock Việt Nam,Khác
KH-0494,Công ty TNHH Sungnam Knitting Mills,Công nghệ
KH-0495,CÔNG TY TNHH DAIN LEADERS VIỆT NAM,Công nghệ
KH-0496,CÔNG TY CỔ PHẦN DỊCH VỤ HÀNG KHÔNG SÂN BAY TÂN SƠN NHẤT,Dịch vụ
KH-0497,Công Ty Cổ Phần Careerbuilder,Công nghệ
KH-0498,"Ngân Hàng Citibank, N.A., Chi Nhánh Thành Phố Hồ Chí Minh",Công nghệ
KH-0499,CÔNG TY TNHH ĐIỆN TỬ TIN HỌC IT,Công nghệ
KH-0500,CÔNG TY TNHH NHÀ NƯỚC MỘT THÀNH VIÊN KHAI THÁC CÔNG TRÌNH THỦY LỢI PHÚ THỌ,Công nghệ
KH-0501,Công ty TNHH Vật Tư Khoa Học Kỹ Thuật Đông Dương,Khác
KH-0502,Công Ty TNHH Thương Mại Dịch Vụ Kỹ Thuật G.P.L,Dịch vụ
KH-0503,VĂN PHÒNG TỈNH ỦY LÀO CAI,Công nghệ
KH-0504,Công Ty TNHH Công Nghệ Tin Học C.P,Công nghệ
KH-0505,CÔNG TY TNHH NOZOMI,Khác
KH-0506,Công ty TNHH Sài Gòn STEC,Khác
KH-0507,CÔNG TY TNHH NIPPON PAINT VIỆT NAM (HÀ NỘI),Công nghệ
KH-0508,Công ty Cổ phần LICOGI13- Nền móng xây dựng,Xây dựng
KH-0509,CÔNG TY TNHH EM-TECH VIỆT NAM,Công nghệ
KH-0510,CÔNG TY TNHH MỘT THÀNH VIÊN THƯƠNG MẠI DỊCH VỤ DẦU KHÍ ĐÔNG HƯNG,Dịch vụ
KH-0511,CÔNG TY CỔ PHẦN THỰC PHẨM RICHY MIỀN BẮC,Sản xuất
KH-0512,Công ty TNHH Công nghệ Niềm Tin,Công nghệ
KH-0513,CÔNG TY CỔ PHẦN GIÀY ĐẠI LỘC,Khác
KH-0514,CÔNG TY TNHH HITACHI PLANT TECHNOLOGIES ( VIỆT NAM),Công nghệ
KH-0515,CÔNG TY CỔ PHẦN TƯ VẤN ĐẦU TƯ VÀ DỊCH VỤ NÔNG NGHIỆP VIỆT NAM,Dịch vụ
KH-0516,CÔNG TY TNHH SD GLOBAL VIỆT NAM,Khác
KH-0517,CÔNG TY TNHH TAKAHATA PRECISION VIỆT NAM,Khác
KH-0518,CÔNG TY CỔ PHẦN SẢN XUẤT HÀNG THỂ THAO,Sản xuất
KH-0519,CÔNG TY TNHH SCANDINAVIAN DESIGN VIỆT NAM,Dịch vụ
KH-0520,Công Ty TNHH Công Nghiệp Vĩnh Tường Miền Bắc Việt Nam,Sản xuất
KH-0521,CÔNG TY TNHH GIẢI PHÁP DG,Dịch vụ
KH-0522,CÔNG TY CỔ PHẦN SXKD XNK BÌNH THẠNH,Khác
KH-0523,CTY JFE ENGINEERING CORPORATION – NTC THCV THI CÔNG & HT CÁC HM LQ ĐẾN GT “CP-2: NM XỬ LÝ NƯỚC THẢI”,Xây dựng
KH-0524,CÔNG TY CỔ PHẦN ĐẦU TƯ BẤT ĐỘNG SẢN SAIGONTEL,Công nghệ
KH-0525,Công Ty Cổ Phần Phát Triển Đô Thị Quốc Tế Việt Nam,Khác
KH-0526,CÔNG TY TNHH DỆT VÀ NHUỘM HƯNG YÊN,Khác
KH-0527,TRUNG TÂM ĐÀO TẠO VÀ NÂNG CAO NĂNG LỰC PHỤ NỮ,Dịch vụ
KH-0528,CÔNG TY CỔ PHẦN CÔNG NGHỆ OCG,Công nghệ
KH-0529,Công Ty Cổ Phần Nhiệt Điện Vũng Áng II (Vapco),Năng lượng
KH-0530,CÔNG TY TNHH TM&DV VĨNH CƯỜNG,Khác
KH-0531,CÔNG TY CỔ PHẦN THƯƠNG MẠI VÀ CÔNG NGHỆ HÀ VIỆT,Công nghệ
KH-0532,CONG TY TNHH MICHELLE,Khác
KH-0533,Công ty TNHH MT Hojgaard Việt Nam,Công nghệ
KH-0534,Công ty TNHH Technova,Công nghệ
KH-0535,CÔNG TY CỔ PHẦN DỊCH VỤ KỸ THUẬT MOBIFONE,Dịch vụ
KH-0536,CÔNG TY CỔ PHẦN XÂY DỰNG VÀ THƯƠNG MẠI PHÚ QUANG HƯNG,Xây dựng
KH-0537,CÔNG TY TNHH KHU CÔNG NGHIỆP THĂNG LONG VĨNH PHÚC,Sản xuất
KH-0538,CÔNG TY CỔ PHẦN THIẾT BỊ VÀ PHÁT TRIỂN CÔNG NGHỆ TRỌNG ĐIỂM,Công nghệ
KH-0539,CÔNG TY TNHH BUSINESS CONSULTANTS VIỆT NAM,Khác
KH-0540,Công ty Cổ phần INNOTEK,Khác
KH-0541,CÔNG TY CỔ PHẦN FPS VIỆT NAM,Khác
KH-0542,CÔNG TY TNHH TƯ VẤN VÀ ĐẦU TƯ TIÊN PHONG QUỐC TẾ VIỆT NAM,Dịch vụ
KH-0543,CÔNG TY TNHH ENS FOAM,Khác
KH-0544,CÔNG TY TNHH INSPECTORIO VIỆT NAM,Khác
KH-0545,CHI NHÁNH CÔNG TY CỔ PHẦN FOODY TẠI HÀ NỘI,Khác
KH-0546,CÔNG TY TNHH CÔNG NGHỆ THÔNG TIN VẠN LỘC,Công nghệ
KH-0547,CHI NHÁNH THÀNH PHỐ HỒ CHÍ MINH - CÔNG TY CỔ PHẦN VINATEX QUỐC TẾ,Khác
KH-0548,CÔNG TY TNHH TRUYỀN THÔNG VÀ QUẢNG CÁO THÀNH NAM,Dịch vụ
KH-0549,CÔNG TY TRÁCH NHIỆM HỮU HẠN VÂN LONG,Khác
KH-0550,CÔNG TY TNHH TƯ VẤN COUTURE VIỆT NAM,Dịch vụ
KH-0551,CÔNG TY CỔ PHẦN NƯỚC GIẢI KHÁT SANEST KHÁNH HÒA,Khác
KH-0552,CÔNG TY CỔ PHẦN ĐẠI ĐỒNG TIẾN,Khác
KH-0553,Công ty CP Truyền thông và Công nghệ A1,Công nghệ
KH-0554,CÔNG TY TNHH KHU CÔNG NGHIỆP THĂNG LONG,Sản xuất
KH-0555,CÔNG TY TNHH KỸ THUẬT VÀ THƯƠNG MẠI VIỆT Á,Khác
KH-0556,CÔNG TY CỔ PHẦN CÔNG NGHỆ TAM PHÚ,Công nghệ
KH-0557,Công ty TNHH Tư vấn Quản lý MCG,Dịch vụ
KH-0558,CÔNG TY CỔ PHẦN ĐẦU TƯ VÀ CÔNG NGHỆ HC TOÀN CẦU,Công nghệ
KH-0559,CÔNG TY CỔ PHẦN ĐẦU TƯ VÀ PHÁT TRIỂN HƯNG PHÁT,Khác
KH-0560,Công ty TNHH Thakral One,Khác
KH-0561,Công ty TNHH Phần mềm CADCAM,Công nghệ
KH-0562,CN Công ty TNHH Nhà nước MTV Thương mại và XNK VIETTEL-Trung tâm phân phối,Năng lượng
KH-0563,CÔNG TY TNHH EL DORADO VIỆT NAM,Khác
KH-0564,Công Ty TNHH Phần mềm Tin Học Điện Tử Tích Hợp,Công nghệ
KH-0565,CÔNG TY CỔ PHẦN THẾ GIỚI SỐ TRẦN ANH,Khác
KH-0566,Công ty Cổ phần Quảng cáo Mai Cát Tường,Công nghệ
KH-0567,CÔNG TY TNHH MỘT THÀNH VIÊN DỊCH VỤ DU LỊCH VIT HẠ LONG,Công nghệ
KH-0568,Công ty TNHH Phân Phối SNB,Năng lượng
KH-0569,Chi Nhánh Công Ty TNHH Yen Of London,Khác
KH-0570,Công ty TNHH BX Bunka Việt Nam,Khác
KH-0571,CÔNG TY TNHH THIẾT BỊ KỸ THUẬT TUẤN THỊNH,Sản xuất
KH-0572,CÔNG TY TNHH CNC VINA,Khác
KH-0573,Công ty TNHH GoerTek Vina,Khác
KH-0574,CÔNG TY TNHH WELLBE VIỆT NAM,Khác
KH-0575,CÔNG TY TNHH YOON IL VIỆT NAM,Khác
KH-0576,TRUNG TÂM TƯ VẤN THIẾT KẾ VÀ XÂY DỰNG,Dịch vụ
KH-0577,Viện Khoa Học và Kỹ Thuật Hạt Nhân,Năng lượng
KH-0578,CÔNG TY CỔ PHẦN TẬP ĐOÀN THÀNH CÔNG,Khác
KH-0579,CÔNG TY TNHH VIỆT NAM TOYO DENSO,Khác
KH-0580,CÔNG TY TNHH THƯƠNG MẠI TRẦN HỒNG QUÂN,Khác
KH-0581,CÔNG TY CỔ PHẦN KORIHOME VIỆT NAM,Khác
KH-0582,NGÂN HÀNG NÔNG NGHIỆP VÀ PHÁT TRIỂN NÔNG THÔN VIỆT NAM - CHI NHÁNH HUYỆN XUÂN LỘC ĐỒNG NAI,Công nghệ
KH-0583,CÔNG TY TNHH MAZARS VIỆT NAM,Công nghệ
KH-0584,CÔNG TY CỔ PHẦN SẢN XUẤT KINH DOANH DƯỢC VÀ TRANG THIẾT BỊ Y TẾ VIỆT MỸ,Dịch vụ
KH-0585,Công ty TNHH Đầu Tư thương mại Dung Hòa,Khác
KH-0586,CÔNG TY TNHH THƯƠNG MẠI DỊCH VỤ PHÁT TRIỂN HẢI TRUNG,Dịch vụ
KH-0587,CÔNG TY CỔ PHẦN JIVC,Khác
KH-0588,CÔNG TY CỔ PHẦN THƯƠNG MẠI VÀ ĐẦU TƯ CÔNG NGHỆ ANH EM,Công nghệ
KH-0589,CÔNG TY TNHH UTI VINA,Khác
KH-0590,Trường THPT Nguyễn Văn Linh,Khác
KH-0591,CHI NHÁNH THÀNH PHỐ HỒ CHÍ MINH – CÔNG TY TNHH HASHIMA VIỆT NAM,Khác
KH-0592,CÔNG TY CỔ PHẦN HẠ TẦNG ĐÔNG Á,Công nghệ
KH-0593,Công Ty TNHH Hệ Thống Thông Tin Fpt,Công nghệ
KH-0594,CÔNG TY CỔ PHẦN GIẢI PHÁP CÔNG NGHỆ VÀ TRUYỀN THÔNG VICTORY VIỆT NAM,Công nghệ
KH-0595,"Co-well Co., Ltd",Khác
KH-0596,CÔNG TY TNHH HWATA VIỆT NAM,Khác
KH-0597,CÔNG TY TNHH YOUNGJIN HI - TECH VINA,Công nghệ
KH-0598,CÔNG TY PHẦN MỀM VNPT- CHI NHÁNH TỔNG CÔNG TY DỊCH VỤ VIỄN THÔNG,Công nghệ
KH-0599,Công ty TNHH thương mại và dịch vụ Thông Thiên,Dịch vụ
KH-0600,Công Ty TNHH Thương Mại Công Nghệ Minh Thắng,Công nghệ
KH-0601,Công ty TNHH May Nien Hsing Việt Nam,Khác
KH-0602,TRƯỜNG THPT VIỆT MỸ ANH,Khác
KH-0603,Công ty TNHH thương mại dịch vụ An Đạt Thịnh,Dịch vụ
KH-0604,CÔNG TY TNHH MTV ỨNG DỤNG CÔNG NGHỆ VÀ DỊCH VỤ TRUYỀN THÔNG ÂU LẠC,Công nghệ
KH-0605,CÔNG TY CỔ PHẦN VĂN HÓA TÂN BÌNH,Khác
KH-0606,CÔNG TY TNHH THƯƠNG MẠI & DỊCH VỤ T.T.K,Dịch vụ
KH-0607,CÔNG TY CỔ PHẦN THỦY SẢN CÀ MAU,Sản xuất
KH-0608,CÔNG TY CỔ PHẦN ĐẦU TƯ XÂY DỰNG BẤT ĐỘNG SẢN LANMAK,Dịch vụ
KH-0609,Công ty TNHH Phát triển công nghệ và thương mại Gia Long,Công nghệ
KH-0610,CÔNG TY CỐ PHẦN DỊCH VỤ MÁY TÍNH KỶ NGUYÊN,Công nghệ
KH-0611,Công Ty Cổ Phần Thực Phẩm Richy Miền Nam,Sản xuất
KH-0612,Công ty TNHH Thương Mại Tin Học Công Nghệ Zonotek,Công nghệ
KH-0613,Công ty CP ĐT và PTCN Quốc gia ADG,Khác
KH-0614,CÔNG TY TNHH THƯƠNG MẠI VÀ DỊCH VỤ TIN HỌC HT VIỆT NAM,Công nghệ
KH-0615,Công ty TNHH Yokowo Việt Nam,Khác
KH-0616,CÔNG TY CỔ PHẦN VẬN TẢI BÌNH AN HÀ TIÊN,Dịch vụ
KH-0617,Công ty CP Máy Tính Hà Nội,Công nghệ
KH-0618,Công ty TNHH GTS Hải Đăng,Khác
KH-0619,CÔNG TY TNHH DOOSUN VIỆT NAM,Khác
KH-0620,CÔNG TY TNHH VIỆT NAM TOKAI,Công nghệ
KH-0621,CÔNG TY NĂNG LƯỢNG MEKONG,Năng lượng
KH-0622,Công ty TNHH Thương mại Kỹ thuật Song Lợi,Khác
KH-0623,CÔNG TY CỔ PHẦN BỀN,Khác
KH-0624,CÔNG TY TNHH BAGS CONNECTION VINA,Khác
KH-0625,Công ty TNHH Yudo Việt Nam,Khác
KH-0626,CÔNG TY CỔ PHẦN NSTECH VIỆT NAM,Công nghệ
KH-0627,CÔNG TY TNHH THƯƠNG MẠI VÀ DỊCH VỤ TRÂM QUỲNH,Dịch vụ
KH-0628,CÔNG TY TNHH MỘT THÀNH VIÊN THƯƠNG MẠI DỊCH VỤ TIN HỌC MẠNH TÚ,Công nghệ
KH-0629,CÔNG TY TNHH GIẢI PHÁP VÀ DỊCH VỤ CAO CẤP,Dịch vụ
KH-0630,CÔNG TY TNHH THƯƠNG MẠI LONG MỸ,Khác
KH-0631,Công ty TNHH công nghệ xây dựng Đại Phong,Công nghệ
KH-0632,CÔNG TY TNHH MHI AEROSPACE VIỆT NAM,Khác
KH-0633,CÔNG TY TNHH FRESCO FOODS,Khác
KH-0634,CÔNG TY VTC DỊCH VỤ TRUYỀN HÌNH SỐ,Dịch vụ
KH-0635,Công Ty Kurihara Việt Nam,Công nghệ
KH-0636,CÔNG TY TNHH KỸ THUẬT CHANGHONG (VIỆT NAM),Khác
KH-0637,Công Ty TNHH Một Thành Viên Đóng Tàu Hạ Long,Khác
KH-0638,CÔNG TY CỔ PHẦN DELTA CROPCARE,Công nghệ
KH-0639,Cửa Hàng Công Liên,Xây dựng
KH-0640,CÔNG TY M&C ELECTRONICS VINA,Công nghệ
KH-0641,CÔNG TY TNHH 1 TV DỊCH VỤ THƯƠNG MẠI PHÚC HOÀNG,Dịch vụ
KH-0642,Công Ty TNHH QUảng Cáo B.M.C,Dịch vụ
KH-0643,CÔNG TY TNHH QUẢN LÝ CA,Dịch vụ
KH-0644,Công Ty CP Thiết Kế và Trang Trí Nội Thất Norah,Dịch vụ
KH-0645,Công Ty Cổ Phần Cơ Kim Khí Việt Mỹ,Khác
KH-0646,CÔNG TY TNHH NIKKEN INTERNATIONAL ASIA,Khác
KH-0647,CÔNG TY TNHH BROTEX (VIỆT NAM),Khác
KH-0648,Công ty TNHH Lockon Việt Nam,Khác
KH-0649,VPĐD THƯỜNG TRÚ HIỆP HỘI CÁC PHÒNG THƯƠNG MẠI & CÔNG NGHIỆP ĐỨC (DIHK) TẠI VIỆT NAM,Sản xuất
KH-0650,Công ty TNHH KISHIN Việt Nam,Khác
KH-0651,Công Ty TNHH Công Nghệ Kinh Doanh Quốc Tế,Công nghệ
KH-0652,CÔNG TY TNHH CO-WELL CHÂU Á,Khác
KH-0653,Công Ty Cổ Phần BlueCom Việt Nam,Khác
KH-0654,Công ty Cổ phần Tân Cảng Bến Thành,Khác
KH-0655,Công ty TNHH NISHIO Rent All Việt Nam,Khác
KH-0656,CÔNG TY TNHH TÂN HỒNG HÀ,Khác
KH-0657,CÔNG TY TNHH NS TECH.VINA,Công nghệ
KH-0658,CÔNG TY CỔ PHẦN TƯ VẤN XÂY DỰNG ĐIỆN 4,Dịch vụ
KH-0659,VPĐD TT HIỆP HỘI CÁC PHÒNG THƯƠNG MẠI & CÔNG  NGHIỆP ĐỨC (DIHK) TẠI TP. HỒ CHÍ MINH,Sản xuất
KH-0660,Công Ty TNHH Mizuho Precision Việt Nam,Khác
KH-0661,TRUNG TÂM TƯ VẤN XÂY DỰNG CÔNG NGHIỆP VÀ HẠ TẦNG,Công nghệ
KH-0662,Công ty TNHH Maxpeed Hà Nội,Khác
KH-0663,Đài Phát thanh - Truyền hình Hải Dương,Năng lượng
KH-0664,CÔNG TY TNHH RICHARD MOORE ASSOCIATES,Công nghệ
KH-0665,CÔNG TY TNHH GIẤY  KRAFT VINA,Khác
KH-0666,CÔNG TY TNHH WURTH VIỆT NAM,Khác
KH-0667,CÔNG TY CỔ PHẦN DỊCH VỤ KỸ THUẬT VIỄN THÔNG,Công nghệ
KH-0668,Công ty TNHH Kotiti Việt Nam,Công nghệ
KH-0669,Công ty Cổ phần Đầu tư Kỹ thuật Berjaya Gia Thịnh,Khác
KH-0670,CÔNG TY TNHH PROPERWELL VIỆT NAM,Khác
KH-0671,TRUNG TÂM PHÒNG CHỐNG HIV/AIDS TỈNH KIÊN GIANG,Công nghệ
KH-0672,CÔNG TY TNHH NIPPON PAINT VĨNH PHÚC,Công nghệ
KH-0673,CÔNG TY TNHH TƯ VẤN ĐẦU TƯ & XÂY DỰNG A.E,Dịch vụ
KH-0674,CÔNG TY TNHH GENSOFT VINA,Khác
KH-0675,CÔNG TY TNHH THƯƠNG MẠI VÀ XÂY LẮP HÀ NGUYÊN,Khác
KH-0676,CÔNG TY TNHH DỊCH VỤ BẢO DƯỠNG MÁY BAY CẢNG HÀNG KHÔNG MIỀN NAM,Dịch vụ
KH-0677,VĂN PHÒNG ĐẠI DIỆN CÔNG TY VIETNAM HOLDING ASSET MANAGEMENT LTD. TẠI THÀNH PHỐ HỒ CHÍ MINH,Dịch vụ
KH-0678,CÔNG TY CỔ PHẦN PHÁT TRIỂN NHÀ G HOMES,Khác
KH-0679,CÔNG TY TNHH OGILVYONE VIỆT NAM,Khác
KH-0680,"CÔNG TY TNHH VẬN CHUYỂN ""K"" LINE (VIỆT NAM)",Năng lượng
KH-0681,CÔNG TY TNHH ĐÔNG A,Khác
KH-0682,CÔNG TY CỔ PHẦN ĐẦU TƯ XÂY DỰNG VÀ THƯƠNG MẠI TIẾN MINH,Xây dựng
KH-0683,Công Ty Cổ Phần Thương Mại Phân Phối Các Sản Phẩm Điện Tử Tin Học,Công nghệ
KH-0684,CHI NHÁNH CÔNG TY TNHH THƯƠNG MẠI TRẦN HỒNG QUÂN - TÒA THÁP KHÁCH SẠN,Dịch vụ
KH-0685,CÔNG TY CỔ PHẦN THƯƠNG MẠI & PHÁT TRIỂN CÔNG NGHỆ HƯNG THIỆN,Công nghệ
KH-0686,CÔNG TY TNHH VÕ TRỌNG NGHĨA,Khác
KH-0687,CÔNG TY CỔ PHẦN IDC ĐÔNG DƯƠNG,Khác
KH-0688,CÔNG TY CỔ PHẦN THỂ THAO NGÔI SAO GERU,Khác
KH-0689,CÔNG TY TNHH HANSOL CNP VINA,Khác
KH-0690,Công ty Cổ phần Công nghệ ELITE,Công nghệ
KH-0691,CÔNG TY TNHH WILLER VIỆT NAM,Khác
KH-0692,TRUNG TÂM TRUYỀN THÔNG - TRUYỀN HÌNH CÔNG THƯƠNG,Dịch vụ
KH-0693,Công Ty TNHH Tin Học và Thương Mại Chân Chính,Công nghệ
KH-0694,CÔNG TY TNHH JULIE SANDLAU VIỆT NAM,Khác
KH-0695,CÔNG TY TNHH MÁY TÍNH LONG NGUYỄN,Công nghệ
KH-0696,CÔNG TY TNHH THƯƠNG MẠI SẢN XUẤT ĐỒ DÙNG GIA ĐÌNH VIỆT NAM,Sản xuất
KH-0697,CÔNG TY TNHH NHẤT NHẤT,Khác
KH-0698,CÔNG TY TNHH HỒNG VẬN,Khác
KH-0699,Công Ty Mua Bán Điện,Năng lượng
KH-0700,CÔNG TY TNHH VIỄN TÍN VINH,Khác
KH-0701,CÔNG TY TNHH SI FLEX VIỆT NAM,Khác
KH-0702,CÔNG TY CỔ PHẦN XNK VÀ ĐẦU TƯ THỪA THIÊN HUẾ,Khác
KH-0703,CÔNG TY CỔ PHẦN LÚA VÀNG,Khác
KH-0704,CÔNG TY CP BAO BÌ VÀ IN NÔNG NGHIỆP,Sản xuất
KH-0705,CÔNG TY CỔ PHẦN GIÓ NHẸ MIỀN NAM,Năng lượng
KH-0706,CÔNG TY TNHH YUSEN LOGISTICS (VIỆT NAM),Dịch vụ
KH-0707,CÔNG TY CỔ PHẦN CORESOFT,Khác
KH-0708,ECODIT LLC – Dự án Trường Sơn Xanh do USAID tài trợ,Công nghệ
KH-0709,CÔNG TY TNHH ĐIỆN LẠNH MIỀN TÂY,Năng lượng
KH-0710,Công ty TNHH BIP Systems Việt Nam,Khác
KH-0711,CÔNG TY CỔ PHẦN PHẦN MỀM CITIGO,Công nghệ
KH-0712,CÔNG TY TNHH SEEC VIỆT NAM,Khác
KH-0713,CÔNG TY CỔ PHẦN XI MĂNG HỆ DƯỠNG,Xây dựng
KH-0714,Công ty  TNHH Một Thành Viên Công nghệ Phúc Sơn,Công nghệ
KH-0715,CÔNG TY TNHH YAMATO LOGISTICS VIỆT NAM - CHI NHÁNH THÀNH PHỐ HỒ CHÍ MINH,Dịch vụ
KH-0716,CHI NHÁNH THỦ ĐỨC - CÔNG TY CỔ PHẦN I.P.L,Khác
KH-0717,CÔNG TY TNHH THẾ GIỚI KIM CƯƠNG,Khác
KH-0718,CÔNG TY CỔ PHẦN FUJIWINDOWS,Xây dựng
KH-0719,CÔNG TY TNHH NHÓM MÂY,Khác
KH-0720,CÔNG TY TNHH DỊCH VỤ VÀ THƯƠNG MẠI THÁI TRÍ,Dịch vụ
KH-0721,CÔNG TY TNHH ESPRINTA (VIỆT NAM),Khác
KH-0722,CÔNG TY TNHH NESSCO VIỆT NAM,Khác
KH-0723,CÔNG TY TRÁCH NHIỆM HỮU HẠN CÔNG NGHỆ KIẾN HÂN,Công nghệ
KH-0724,CÔNG TY TNHH HSIEHS BIOTECH,Công nghệ
KH-0725,CÔNG TY TNHH OLMIX ASIALAND VIỆT NAM,Khác
KH-0726,CÔNG TY CỔ PHẦN TÍCH HỢP HỆ THỐNG NAM TRƯỜNG SƠN,Công nghệ
KH-0727,CÔNG TY TNHH YAKJIN INTERTEX,Khác
KH-0728,CÔNG TY TNHH ĐÀO TẠO VÀ TÍCH HỢP CÔNG NGHỆ E-TECK,Công nghệ
KH-0729,CÔNG TY TNHH TM DV KỸ THUẬT VIỄN THÔNG TOÀN CẦU,Công nghệ
KH-0730,CÔNG TY TNHH 1C VIỆT NAM,Khác
KH-0731,CÔNG TY CỔ PHẦN ĐẦU TƯ VÀ CÔNG NGHỆ VIỆT TIẾN,Công nghệ
KH-0732,CÔNG TY CỔ PHẦN CARBON VIỆT NAM,Công nghệ
KH-0733,CÔNG TY TNHH MỘT THÀNH VIÊN MAY MẶC VIỆT PACIFIC,Sản xuất
KH-0734,CÔNG TY TNHH SL INTERNATIONAL,Khác
KH-0735,CÔNG TY CỔ PHẦN KỸ THUẬT VÀ THƯƠNG MẠI H.T.G,Khác
KH-0736,CÔNG TY TNHH MTV I.M.LINK VIỆT NAM,Khác
KH-0737,CÔNG TY CỔ PHẦN DƯỢC PHẨM PHA NO,Khác
KH-0738,CÔNG TY TNHH ANH TIN,Khác
KH-0739,"VĂN PHÒNG ĐẠI DIỆN PAN-PACIFIC CO.,LTD TẠI THÀNH PHỐ HỒ CHÍ MINH",Khác
KH-0740,CÔNG TY TNHH MỘT THÀNH VIÊN ĐẦU TƯ DHA,Khác
KH-0741,CÔNG TY TNHH TƯ VẤN INNOVATURE,Dịch vụ
KH-0742,CÔNG TY TNHH ĐIỆN TỬ TT,Công nghệ
KH-0743,TRUNG TÂM ĐIỀU ĐỘ HỆ THỐNG ĐIỆN MIỀN TRUNG,Công nghệ
KH-0744,Công ty CP Đường Quảng Ngãi,Khác
KH-0745,Công Ty TNHH Công Nghệ Polaris Đà Nẵng,Công nghệ
KH-0746,Công ty Taisei NB - TC gói thầu CP-1A PTR CSHT chính của DA PT CSHT KCN cao Hòa Lạc tại TPHN,Công nghệ
KH-0747,CÔNG TY CỔ PHẦN ĐẦU TƯ VÀ CÔNG NGHỆ IDOCNET,Công nghệ
KH-0748,CÔNG TY TNHH TÍCH HỢP HỆ THỐNG CMC,Công nghệ
KH-0749,CÔNG TY CỔ PHẦN KAROFI VIỆT NAM,Công nghệ
KH-0750,CÔNG TY CỔ PHẦN THƯƠNG MẠI VÀ XÂY DỰNG CÔNG NGHỆ XANH,Công nghệ
KH-0751,CÔNG TY CỔ PHẦN ĐIỆN LỰC TRUNG SƠN,Năng lượng
KH-0752,CÔNG TY TNHH MỘT THÀNH VIÊN ĐẦU TƯ VÀ THƯƠNG MẠI THE GARDEN,Công nghệ
KH-0753,Công ty TNHH quốc tế liên doanh VINACONEX-TAISEI (VINATA),Công nghệ
KH-0754,Công Ty Cổ Phần Odin Việt Nam,Khác
KH-0755,CÔNG TY TNHH KHÔNG GIAN MỚI,Khác
KH-0756,CÔNG TY CỔ PHẦN MĨ THUẬT VÀ TRUYỀN THÔNG,Dịch vụ
KH-0757,Công Ty Cổ Phần Máy Tính Sài Gòn,Công nghệ
KH-0758,Công Ty TNHH Westfield Việt Nam,Khác
KH-0759,Công ty TNHH Nam Of LonDon,Khác
KH-0760,Văn phòng đại diện New World Fashion Group tại Hải Phòng,Khác
KH-0761,Công ty Quốc tế TNHH Đông Tài Việt Nam,Khác
KH-0762,CÔNG TY TNHH DIMENSION DATA VIỆT NAM,Khác
KH-0763,Công ty TNHH Du Lịch Nghỉ Dưỡng Sinh Thái Mai Châu,Công nghệ
KH-0764,Công ty TNHH Matsuo Industries Việt Nam,Khác
KH-0765,Công ty TNHH HEYUM Vina,Khác
KH-0766,Công ty TNHH Kỹ thuật và Thương mại KT,Khác
KH-0767,Công ty TNHH Yokohama Tyre Việt Nam,Khác
KH-0768,CÔNG TY TNHH TIẾP VẬN THĂNG LONG – CHI NHÁNH HƯNG YÊN,Dịch vụ
KH-0769,Công ty TNHH Miền Á Đông,Khác
KH-0770,CÔNG TY TNHH TÍCH HỢP HỆ THỐNG ITECH,Công nghệ
KH-0771,CÔNG TY TNHH ỨNG DỤNG HỆ THỐNG THỊNH VƯỢNG,Công nghệ
KH-0772,CHI NHÁNH CÔNG TY TNHH TIẾP VẬN THĂNG LONG TẠI HẢI PHÒNG,Dịch vụ
KH-0773,Công ty TNHH e-Litecom Vina,Công nghệ
KH-0774,CÔNG TY CỔ PHẦN THÔNG TIN TÍN DỤNG VIỆT NAM,Khác
KH-0775,Công Ty Cổ Phần Năng Lượng Vĩnh Tân 3,Năng lượng
KH-0776,CÔNG TY TNHH NANO HIGHTECH VIỆT NAM,Công nghệ
KH-0777,CÔNG TY CỔ PHẦN THIẾT BỊ TÂN PHÁT,Sản xuất
KH-0778,CÔNG TY TNHH CÔNG NGHIỆP HÀ YẾN SGN,Sản xuất
KH-0779,CÔNG TY CỔ PHẦN SOYA GARDEN,Công nghệ
KH-0780,CÔNG TY TNHH NGÔI NHÀ SÁNG TẠO,Khác
KH-0781,Công ty TNHH Thương Mại Dịch Vụ Việt Ý,Dịch vụ
KH-0782,Công ty Cổ phần Tin học Lạc Việt,Công nghệ
KH-0783,CHI NHÁNH CÔNG TY TNHH DỊCH VỤ TIN HỌC FPT TẠI MIỀN TRUNG,Công nghệ
KH-0784,CÔNG TY TNHH LUNA NEXUS VN INC,Khác
KH-0785,CÔNG TY TNHH VNEXUS CAPITAL ADVISORS,Công nghệ
KH-0786,CÔNG TY CỔ PHẦN DỊCH VỤ HÀNG HOÁ HÀNG KHÔNG VIỆT NAM,Dịch vụ
