Mã Sản phẩm,Sản phẩm,Nhóm sản phẩm, Giá vốn 
P-001,Phần mềm TeamViewer 12 Premium,Phần mềm,"  17,950,000 "
P-002,Phần mềm TeamViewer 12 Corporate,Phần mềm,"  27,460,000 "
P-003,Phần mềm Win Home 10 64Bit Eng Intl 1pk DSP OEI DVD,Phần mềm,"  1,470,000 "
P-004,Phần mềm Teamviewer 12 business,Phần mềm,"  8,240,000 "
P-005,Phần mềm Autodesk AutoCAD LT Commercial Singleuser Annual Subscription Renewal with Advanced Support (057I1-009704-T385),Phần mềm,"  3,700,000 "
P-006,Phần mềm Autodesk AutoCAD LT 2018 Commercial New Single-user Additional Seat Annual Subscription PROMO - 12 months -,Phần mềm,"  4,580,000 "
P-007,Phần mềm Illustrator CC for teams ALL Multiple Platforms Multi Asian Languages Team Licensing Subscription Renewal 12 months,Phần mềm,"  5,400,000 "
P-008,Phần mềm Photoshop CC for teams  ALL Multiple Platforms Multi Asian Languages Team Licensing Subscription Renewal 12 months,Phần mềm,"  5,870,000 "
P-009,Phần mềm Windows Svr Std 2016 64Bit English 1PK DSP OEI DVD 16Core_P73-07113,Phần mềm,"  9,900,000 "
P-010,Phần mềm ISO 27001 Toolkit,Phần mềm,"  14,810,000 "
P-011,Phần mềm ISO 22301 Toolkit,Phần mềm,"  10,590,000 "
P-012,Phần Mềm Photoshop CC for team ALL Multiple Platforms Multi Asian Languages Team Licensing Subscription New- 12 months,Phần mềm,"  6,100,000 "
P-013,Phần mềm Activesync Renewal Expired 50 user,Phần mềm,"  2,070,000 "
P-014,Phần mềm Adobe Audition CC for team ALL Multiple Platforms Multi Asian Languages Team Licensing Subscription New 12 months,Phần mềm,"  5,330,000 "
P-015,Phần mềm WinPro 10 SNGL OLP NL Legalization GetGenuine,Phần mềm,"  2,430,000 "
P-016,Phần mềm OfficeStd 2016 SNGL OLP NL,Phần mềm,"  4,700,000 "
P-017,Phần mềm Microsoft Office Home and Business 2016 32-bit/64 English APAC EM DVD P2_T5D-02695,Phần mềm,"  2,640,000 "
P-018, Phần mềm winpro 10 64bit Eng Intl 1pk DSP OEI DVD,Phần mềm,"  1,960,000 "
P-019,"Bản quyền Phần mềm Kaspersky  Ksos 4 for DT + MD + FS SEA10 - MD, 5- DT, 1-FS",Phần mềm,"  2,010,000 "
P-020,"Bản quyền Phần mềm Kaspersky  Ksos 4 for DT + MD + FS SEA5 - MD, 5- DT, 1-FS",Phần mềm,"  1,390,000 "
P-021,Phần mềm Creative Cloud for teams All Apps ALL Multiple Platforms Multi Asian Languages Team Licensing Subscription New 12 months,Phần mềm,"  11,800,000 "
P-022,Phần mềm Win Pro 10 Win32 Eng Intl 1pk DSP OEI DVD,Phần mềm,"  1,910,000 "
P-023,Phần mềm Acrobat Professional 2017 Multiple Platforms International English AOO License,Phần mềm,"  6,010,000 "
P-024,MÁY TÍNH ĐỂ BÀN LẮP RÁP,Máy tính,"  5,540,000 "
P-025,phần mềm SQLSvrStd 2016 SNGL OLP NL,Phần mềm,"  12,150,000 "
P-026,Phần mềm Eset Small Office Security Pack 5 +1 + 5 1 Year,Phần mềm,"  1,500,000 "
P-027,ESET File Security for Microsoft Windows Server 211-N-1Y,Phụ kiện,"  2,020,000 "
P-028,Phần mềm Win Pro 7 SP1 x64 English 1pk DSP OEI (FQC-08289),Phần mềm,"  2,060,000 "
P-029,Phần mềm Photoshop CC for teams ALL Multiple Platforms Multi Asian Languages Team Licensing Subscription Renewal 12 months,Phần mềm,"  3,590,000 "
P-030,Phần mềm Autodesk AutoCAD LT 2018 Commercial New Single-user ELD Annual Subscription  (057J1-WW8695-T548),Phần mềm,"  3,500,000 "
P-031,Phần mềm ứng dụng Office 365 Business- 6 months,Phần mềm,"  700,000 "
P-032,Phần mềm Illustrator CC for teams ALL Multiple Platforms Multi Asian Languages Team Licensing Subscription New 12 months,Phần mềm,"  5,720,000 "
P-033,"Phần mềm Red Hat Enterprise Linux Server, Standard ( Physical or Virtual Nodes)",Phần mềm,"  11,100,000 "
P-034,Phần mềm SQLSvrStd 2017 SNGL OLP NL,Phần mềm,"  11,490,000 "
P-035,Phần mềm Acronis Backup 12.5 Advanced Universal License incl. AAP ESD,Phần mềm,"  61,950,000 "
P-036,Phần mềm Mail Merge ToolKit ( 5-Users license),Phần mềm,"  2,380,000 "
P-037,Phần mềm Teamviewer Business Subscription,Phần mềm,"  4,200,000 "
P-038,Dịch vụ phần mềm Migration from Teamviewer Business 12 to Teamviewer Business Subcription,Phần mềm,"  3,660,000 "
P-039,Phần mềm Mdaemon Renewal 250 User,Phần mềm,"  6,190,000 "
P-040,Phần mềm AutoCAD - including specialized toolsets AD Commercial New Single-user ELD Annual Subscription,Phần mềm,"  13,830,000 "
P-041,Phần mềm Office 365 PlanE3Open ShrdSvr SNGL Subs VL OLP NL Anual Qlfd,Phần mềm,"  2,960,000 "
P-042,Phần mềm Acrobat Pro DC Multiple Platforms Multi Asian Languages Licensing Subscription Monthly 1 User (12 months),Phần mềm,"  2,850,000 "
P-043,Phần mềm 3ds Max 2019 Commercial New Single-user ELD Annual Subscription,Phần mềm,"  11,950,000 "
P-044,Phần mềm Fusion 360 CLOUD Commercial New Single-user Annual Subscription,Phần mềm,"  2,780,000 "
P-045,Phần mềm AutoCAD LT 2019 Commercial New Single-user ELD Annual Subscription,Phần mềm,"  3,650,000 "
P-046,phần mềm WinSvrSTDCore 2016 SNGL OLP 16Lic NL CoreLic,Phần mềm,"  11,370,000 "
P-047,Phần mềm ExchgSvrStd 2016 SNGL OLP NL,Phần mềm,"  8,470,000 "
P-048,Phần mềm SketchUp Pro 2018,Phần mềm,"  9,230,000 "
P-049,Phần mềm Vray for Sketchup,Phần mềm,"  9,170,000 "
P-050,Usb For Vray,Phụ kiện,"  790,000 "
P-051,Phần mềm Eset Smart Security 1Y3U,Phần mềm,"  330,000 "
P-052,Phần mềm Eset Internet Security 1 User 1 year,Phần mềm,"  160,000 "
P-053,Phần mềm Acrobat Standard 2017 Windows International English AOO License,Phần mềm,"  4,210,000 "
P-054,Bản quyền phần mềm máy tính Kaspesky KIS MD cho 1 máy tính (KL1867MUAFS),Phần mềm,"  200,000 "
P-055,Phần mềm Microsoft Office Home and Student 2016 Win English APAC EM Medialess,Phần mềm,"  1,340,000 "
P-056,Phần mềm Teamviewer Premium Subscription,Phần mềm,"  10,570,000 "
P-057,Phần mềm Teamviewer Addon Channel  12,Phần mềm,"  6,430,000 "
P-058,"Phần mềm Red Hat Enterprise Linux Server, Standard (Physical or Virtual Nodes)",Phần mềm,"  10,940,000 "
P-059,Phần mềm Foxit PhantomPDF Standard 9,Phụ kiện,"  2,910,000 "
P-060,Phần mềm Microsoft O365BsnessEssentials ShrdSvr SNGL SubsVL OLP NL Qualified Annual (9F5-00003),Phần mềm,"  790,000 "
P-061,Phần mềm Eset Internet Security 3 User 1 year,Phần mềm,"  340,000 "
P-062,Phần mềm Office 365 Business Essentials- 12 months,Phần mềm,"  610,000 "
P-063,Phần mềm CorelDRAW Graphics Suite 2017,Phần mềm,"  7,680,000 "
P-064,Phần mềm Lightroom 6 Multiple Platforms International English AOO License,Phần mềm,"  2,410,000 "
P-065,Phần mềm After Effects CC for team ALL Multiple Platforms Multi Asian Languages  Team Licensing Subscription New- 12 months,Phần mềm,"  5,420,000 "
P-066,"phần mềm Minitab 18 Full Version, Single-User License",Phần mềm,"  23,730,000 "
P-067,Phần mềm Office 365 Personal 32-bit/x64 English Subscr 1 Yr Apac EM Medialess,Phần mềm,"  460,000 "
P-068,Phần mềm O365BsnessOpen ShrdSvr SNGL SubsVL OLP NL Annual Qlfd,Phần mềm,"  1,290,000 "
P-069,Phần mềm OFFICE 365 HOME PREMIUM 32BIT/64 EN SUBSCR 1 YR APAC EM MEDIALESS (6GQ-00018),Phần mềm,"  870,000 "
P-070,Phần mềm  nhận dạng ABBYY Fine Reader 12 Professional Edition,Phần mềm,"  3,280,000 "
P-071,Bản quyền phần mềm máy tính Kaspesky KIS MD cho 5 máy tính (KL1941MUEFS),Phần mềm,"  530,000 "
P-072,Phần mềm diệt virus Bkav Pro 1,Phần mềm,"  110,000 "
P-073,Phần mềm VSPRO 2017 SNGL OLP NL,Phần mềm,"  6,530,000 "
P-074, Phần mềm SYMC ENDPOINT PROTECTION 14 PER USER BNDL SDT LIC EXPRESS BAND A ESSENTIAL 36 MONTHS,Phần mềm,"  1,710,000 "
P-075,Phần mềm Office 365 Personal English APAC EM Subscr 1yr Medialess P2,Phần mềm,"  530,000 "
P-076,Phần mềm SYMC ENDPOINT PROTECTION 14 PER USER BNDL STD LIC EXPRESS BAND A ESSENTIAL 12 MONTHS,Phần mềm,"  460,000 "
P-077,Phần mềm SecurityPlus Renewal 12 User,Phần mềm,"  1,620,000 "
P-078,Phần mềm MDaemon Renewal 12 User,Phần mềm,"  2,380,000 "
P-079,phần mềm Photoshop CC for teams ALL  Multiple Platforms Multi Asian Languages Team Licensing Subscription Renewal 12 months,Phần mềm,"  5,020,000 "
P-080,Phần mềm Photoshop CC for teams ALL Multiple Platforms Multi Asian Languages Team Licensing Subscription New - 12 months,Phần mềm,"  6,400,000 "
P-081,Phần mềm OFFICE 365 HOME ENGLISH APAC EM SUBSCR 1YR MEDIALESS P2 (6GQ_00757),Phần mềm,"  860,000 "
P-082,Phần mềm MDaemon 50 User,Phần mềm,"  16,170,000 "
P-083,Phần mềm MDaemon Antivirus 200 user 1 year,Phần mềm,"  8,480,000 "
P-084,Phần mềm ColdFusion Standard 2016 All Platforms International English AOO License,Phần mềm,"  23,270,000 "
P-085,"Phần mềm VMware Workstation 14 Pro for Linux and Windows, ESD",Phần mềm,"  3,890,000 "
P-086,Phần mềm Office 365 Business Premium - 12 months,Phần mềm,"  1,630,000 "
P-087,Phần mềm CorelDRAW Graphics Suite 2018 Single User Business License,Phần mềm,"  8,260,000 "
P-088,Phần mềm Fax Server Pro,Phần mềm,"  1,620,000 "
P-089,Phần mềm Number of Client for the Fax,Phần mềm,"  1,700,000 "
P-090,Phần mềm FilmImpact.net Transition Pack 4 V3,Phần mềm,"  2,390,000 "
P-091,Phí sử dụng phần mềm Office 365 Business Premium - 10 months,Phần mềm,"  1,450,000 "
P-092,Phần mềm Mdaemon Renewal 250 User 3 Year,Phần mềm,"  6,690,000 "
P-093, Phần mềm SecurityPlus Renewal 8000 Users 3 year,Phần mềm,"  4,640,000 "
P-094,Phần mềm PRTG 1000 with 12 maintenance months included,Phần mềm,"  12,920,000 "
P-095,Phần mềm Bluebeam Revu CAD 2015,Phần mềm,"  4,700,000 "
P-096,Gói bảo trì phần mềm Bluebeam,Phần mềm,"  1,180,000 "
P-097,Phần mềm WinPro 8.1 SNGL OLP NL Legalization GetGenuine (FQC-08147),Phần mềm,"  2,320,000 "
P-098,Phần mềm Office Home and Business 2013 32-bit/x64 English AP AC EM DVD (T5D-01595),Phần mềm,"  2,510,000 "
P-099,Phần mềm SQLSvrStd 2014 SNGL OLP NL (228-10344),Phần mềm,"  9,700,000 "
P-100,Phần mềm WinSvrStd 2012R2 SNGL OLP NL 2Proc (P73-06285),Phần mềm,"  10,690,000 "
P-101,Bản quyền phần mềm máy tính Kaspesky KIS MD cho 3 máy tính (KL1941MUCFS),Phần mềm,"  360,000 "
P-102,Phần mềm Win Pro 7 SP1 x32 English 1pk DSP OEI (FQC-08279),Phần mềm,"  1,880,000 "
P-103,Phần mềm Acrobat Professional DC 2015 Multiple Platforms International English AOO License,Phần mềm,"  5,960,000 "
P-104,Phần mềm diệt Virus Norton Internet  Security 2014 VI 1 Uer( 21299433),Phần mềm,"  100,000 "
P-105,Phần mềm ExchgSvrStd 2013 SNGL OLP NL,Phần mềm,"  9,040,000 "
P-106,Phần mềm V-Ray 3.0 Workstation for 3DS Max Commercial,Phần mềm,"  18,020,000 "
P-107,Phần mềm Autodesk 3Ds Max 2016 Commercial New SLM,Phần mềm,"  29,160,000 "
P-108,Phần mềm Autodesk AutoCAD LT 2016 Commercial New SLM R2,Phần mềm,"  19,720,000 "
P-109,Phần mềm SketchUp Pro 2015 Commercial Single User License,Phần mềm,"  8,160,000 "
P-110,Phần mềm Photoshop CC All Multiple plarform Multi Asian Languages Licensing Sub-65226001BA01A12 (65226001BA01A12),Phần mềm,"  3,460,000 "
P-111,Phần mềm TeamViewer 10 Premium,Phần mềm,"  12,010,000 "
P-112,Phần mềm Altova Umodel 2015 Basic Edition + SMP(1year) Installed Users (50),Phần mềm,"  113,290,000 "
P-113,Phần mềm Altova Umodel 2015 Basic Edition + SMP(1year) Installed Users (20),Phần mềm,"  44,920,000 "
P-114,Phần mềm Power Director 13.0 Ultra License,Phần mềm,"  1,420,000 "
P-115,Phần mềm TeamViewer 10 Corporate 09-31204-734142-794440,Phần mềm,"  23,330,000 "
P-116,Phần mềm Mdeamon Pro 50 User 2 Yr,Phần mềm,"  12,490,000 "
P-117,Phần mềm Win Svr Std 2008 R2 w/SP1 x64 ENG 1pk DSP OEI DVD 1-4CPU 5Clt LCP (P73-06451),Phần mềm,"  9,650,000 "
P-118,Bộ định tuyến không dây Linksys E1700,Phụ kiện,"  1,180,000 "
P-119,Thiết bị tường lửa Fortinet Fortigate 100D Fire wall Bundle part # FG-100D-BDL,Phụ kiện,"  40,680,000 "
P-120,Phần mềm Illustrator CC MLP Asian Languages Licensing Subscription-65226017BA01A12 (65226017BA01A12),Phần mềm,"  3,970,000 "
P-121,Phần mềm Win Ult 7 SP1 x32 English 1pk DSP OEI (GLC-02377),Phần mềm,"  2,630,000 "
P-122,Phần mềm Win Pro 8.1 x64 Eng Intl 1pk DSP OEI DVD (FQC-06949),Phần mềm,"  1,850,000 "
P-123,Phần mềm TeamViewer 10 Business,Phần mềm,"  6,330,000 "
P-124,Phần mềm PPDF-XChange/PDF-Tools-PDF-XChange/PDF-Tools Fulfillment on 2015-08-19,Phần mềm,"  9,410,000 "
P-125,Phần mềm OfficeStd 2013 SNGL OLP NL (021-10257),Phần mềm,"  4,440,000 "
P-126,Phần mềm TeamViewer 11 Premium,Phụ kiện,"  22,050,000 "
P-127,Phần mềm Prjct 2016 SNGL OLP NL,Phần mềm,"  6,710,000 "
P-128,Phần mềm office Home and Business 2016 32-bit/x64 English APAC EM DVD,Phần mềm,"  2,590,000 "
P-129,Phần mềm Project 2016 32-bit/x64 English EM DVD,Phần mềm,"  7,010,000 "
P-130,Phần mềm MDaemon Renewal 50 User 2 Year,Phần mềm,"  7,630,000 "
P-131,Phần mềm SecurityPlus Renewal 50 User 2 Year,Phần mềm,"  4,780,000 "
P-132,Phần mềm Autodesk AutoCAD LT 2017 Commercial New Single-user ELD Annual Subscription with Advanced Support,Phần mềm,"  5,060,000 "
P-133,Phần mềm Foxit PhantomPDF Standard 8,Phần mềm,"  1,910,000 "
P-134,Phần mềm WinSvrEssntls 2012R2 SNGL OLP NL,Phần mềm,"  6,070,000 "
P-135,Phần mềm Allway Sync Pro,Phần mềm,"  350,000 "
P-136,Phần mềm Win Pro 8.1 x32 Eng Intl 1pk DSP OEI DVD (FQC-06987),Phần mềm,"  1,870,000 "
P-137,Phần mềm Adobe Premiere Pro CC for team ALL Multiple Platforms Multi Asian Languages  Team Licensing Subscription New- 12 months,Phần mềm,"  7,900,000 "
P-138,Phần mềm TeamViewer 11 Corporate,Phần mềm,"  31,790,000 "
P-139,Phần mềm O365BusPremopn Shared SNGL VLSub (9F4-00003),Phần mềm,"  1,910,000 "
P-140,Phần mềm NewsCutter 11,Phần mềm,"  8,400,000 "
P-141,Phần mềm Stellar OST to PST Converter V6.0-EN-SOHO,Phần mềm,"  2,840,000 "
P-142,Phần mềm TeamViewer 11 Business,Phụ kiện,"  9,030,000 "
P-143,Phần mềm VMware vSphere 6 Standard for 1 processor,Phần mềm,"  13,700,000 "
P-144,Dịch vụ phần mềm Basic Support/Subscription VMware vSphere 6 Standard for 1 processor for 1 year,Phần mềm,"  8,390,000 "
P-145,Phần mềm Mdaemon 50 User 3 Year,Phần mềm,"  17,340,000 "
P-146,Phần mềm SecurityPlus 50 User 3 Year,Phần mềm,"  10,160,000 "
P-147,Thiết bị vi tính tường lửa hiệu Palo Alto: Palo Alto Networks PA-3020 (PAN-PA-3020),Phụ kiện,"  349,540,000 "
P-151,"Thiết bị lưu trữ HP 3PAR StoreServ B200 2N Fld Int Base, 24x600GB HDD, Mgmt/Core SW E-Media, OS Suite E-Media, 4xLC/LC OM4 5m Cbi, 3Y WTY_K2Q36A",Phụ kiện,"  456,300,000 "
P-152,"Thiết bị lưu trữ HP MSL2024 0-Drive Tape Library, 3Y WTY_AK379A",Phụ kiện,"  166,730,000 "
P-153,Đĩa cài đặt HP Data Protector 9.00 English SW Media_TD586EA,Phụ kiện,"  160,270,000 "
P-154,"Tủ máy chủ HP 42U 600x1075mm Advanced Pallet Rack, 3Y WTY_H6J65A",Phụ kiện,"  26,330,000 "
P-155,Bộ lưu điện EMERSON ITA 20kVA mở rộng thời gian backup (Không có ắc-quy),Phụ kiện,"  132,950,000 "
P-159,"Máy tính chủ HP DL 380 G9 CTO E5-2660V3(2.6GHz)/10Core/25Mb, 64GB Ram(4x16Gb)2x300Gb HDD,6x2TB HDD, DVDRW, SA P440ar/2Gb, 366FLR Adapter, Nic 331i, Security Benzel, Easy Install Rail Kit, 2x800W PS,DP Adv Bk to Disk 1TB E-TLU, Rack 2U, 3Y WTY_719064-B21",Máy tính,"  228,150,000 "
P-160,"Máy tính chủ HP DL380 G9 CTO E5-2660v3(2.6GHz/10Core/25MB), 192GB RAM(12x16GB), 8x600GB HDD, 2x300GB HDD, SA P440ar/2G, SAS Expander Card, Nlc 331i, Security Bezel, Rail Kit, 2x800W PS, 3Y WTY_767032-B21",Máy tính,"  192,100,000 "
P-161,Thiết bị vi tính tường lửa hiệu Palo Alto: Palo Alto Networks PA-500 2GB Memory (PAN-PA-500-2GB),Phụ kiện,"  147,580,000 "
P-164,Phần mềm Autodesk AutoCAD LT 2018 Commercial New Single-user ELD Annual Subscription,Phần mềm,"  3,630,000 "
P-165,Phần mềm CorelDRAW Graphics Suite X8 Single User License,Phần mềm,"  8,120,000 "
P-166,Phần mềm Windows Svr Std 2012 R2 x64 English 1pk DSP OEI DVD 2CPU/2VM (P73-06165),Phần mềm,"  9,690,000 "
P-167,"Phần mềm Easylabel 6 Gold Version Softwave key "" MFG IN GER"" CD "" MFG IN USA""",Phần mềm,"  10,540,000 "
P-168,Phần mềm Rhino 5 for Windows,Phụ kiện,"  12,000,000 "
P-169,Phần mềm IIIustrator CC Multiple Platforms Multi Asian Languages Licensing Subscription license 1 USER Level 1 1 - 49 12 Months,Phần mềm,"  5,920,000 "
P-170,Phần mềm SQLSvrStd 2016 SNGL OLP NL Acdmc,Phần mềm,"  3,280,000 "
P-171,Phần mềm WinSvrStd 2012R2 SNGL OLP NL Acdmc 2Proc,Phần mềm,"  3,480,000 "
P-172,Phần mềm Web Log Explorer Enterprise Edition,Phần mềm,"  5,170,000 "
P-173,Phần mềm MDaemon Expired Renewal 500 to 1000 User,Phần mềm,"  21,510,000 "
P-174,Phần mềm SecurityPlus Expired Renewal 500 to 1000,Phần mềm,"  12,160,000 "
P-175,Phần mềm Mdaemon 1000 user 3 year,Phần mềm,"  16,800,000 "
P-176,Phần mềm SecurityPlus 1000 user 3 year,Phần mềm,"  9,690,000 "
P-177,Phần mềm VMware vSphere 6 Essentials Plus Kit for 3 hosts (Max 2 processors per host),Phần mềm,"  53,850,000 "
P-178,phần mềm Basic Support/Subscription VMware vSphere 6 Essentials Plus Kit for 3 year,Phần mềm,"  31,630,000 "
P-179,"phần mềm Fortigate 200D - UTM Bundle (8x5 FortiCare plus NGFW, AV, Web Filtering, Botnet IP/Domain and Antispam Services)",Phần mềm,"  22,630,000 "
P-180,Phần mềm Autodesk AutoCAD LT 2018 Commercial New Single-user ELD 2-Year Subscription PROMO,Phần mềm,"  5,390,000 "
P-181,Phần mềm SecurityPlus Renewal 100 User,Phần mềm,"  10,850,000 "
P-182,Phần mềm Bluebeam Revu CAD Annual Maintenance (1-4 users),Phần mềm,"  2,870,000 "
P-183,Phần mềm SYMC ENDPOINT PROTECTION 14 PER USER RENEWAL ESSENTIAL 12 MONTHS EXPRESS BAND A,Phần mềm,"  200,000 "
P-184,Phần mềm VERITAS ESSENTIAL 12 MONTHS RENEWAL FOR BACKUP EXEC SERVER ED WIN STANDARD PERPETTUAL LICENSE CORPORATE,Phụ kiện,"  2,180,000 "
P-185,Phần mềm Vision Pro for 1 Teacher + Unlimited Students,Phần mềm,"  18,200,000 "
P-186,phần mềm SQLCAL 2016 SNGL OLP NL UsrCAL,Phần mềm,"  2,960,000 "
P-187,Phần mềm Autodesk Autodesk AutoCAD LT 2018 Commercial New Single-user ELD Annual Subscription PROMO,Phần mềm,"  2,870,000 "
P-188,Phí sử dụng phần mềm Exchange Online Kiosk -15 user - 10months,Phần mềm,"  4,560,000 "
P-189,Phần mềm Trend Micro Internet Security 3PC-2015,Phần mềm,"  170,000 "
P-190,Phần mềm Trend Micro Internet Security 10 2016,Phần mềm,"  220,000 "
P-191,Phần mềm excel 2016 Sngl OLP NL,Phần mềm,"  2,370,000 "
P-192,Phần mềm VERITAS BACKUP EXEC 16 SERVER WIN ML PER SERVER BNDL BUS PACK ESSENTIAL 12 MONTHS CORPORATE_17739-M1,Phần mềm,"  9,330,000 "
P-193,Phần mềm VERITAS BACKUP EXEC 16 AGENT FOR APPLICATIONS AND DATABASES WIN ML PER SERVER BNDL BUS PACK ESSENTIAL 12 MONTHS CORPORATE_17750-M1,Phần mềm,"  9,480,000 "
P-194,Phí sử dụng phần mềm Office 365 Business ‐ 1 user ‐ 3 months,Phần mềm,"  450,000 "
P-195,Phần mềm Autodesk AutoCAD 2018 Commercial New Single-user ELD Annual Subscription,Phần mềm,"  14,540,000 "
P-196,Phần mềm Print Manager Plus 9.0 Standard Edition,Phần mềm,"  16,010,000 "
P-197,"Gia hạn bản quyền phần mềm Fortigate 100D - UTM Bundle (8x5 FortiCare plus NGFW, AV, Web Filtering, Botnet IP/Domain and Antispam Services)",Phần mềm,"  25,900,000 "
P-198,Phí sử dụng phần mềm Exchange Online (Plan 1)  - 21 user - 3 months,Phần mềm,"  3,820,000 "
P-199,Phần mềm IDM (IDM),Phần mềm,"  340,000 "
P-200,Phần mềm BackupAssist,Phần mềm,"  5,110,000 "
P-201,Phần mềm Exchange Granular add-on,Phần mềm,"  3,120,000 "
P-202,Phần mềm SQL Continuous add-on,Phần mềm,"  2,450,000 "
P-203,Phần mềm Teklynx Labelview 2015 Pro (Electronic Delivery),Phần mềm,"  14,300,000 "
P-204,Phần mềm SecurityGateway Annual License 25 User,Phần mềm,"  28,080,000 "
P-205,Phần mềm Skype for Business Online (Plan 2) - 12 months - 15 user,Phần mềm,"  13,200,000 "
P-206,Phần mềm SYMC ENDPOINT PROTECTION SBE 2013 PER USER HOSTED AND ONPREMISE SUB UPFRONT BILL EXPRESS BAND A SB SUPPORT 24 MONTHS,Phần mềm,"  520,000 "
P-207,Phần mềm Adobe Audition CC for teams All Multiple Platforms Multi Asian Languages Team Licensing Subscription New Education Named license 48 Months,Phần mềm,"  2,940,000 "
P-208,phần mềm Photoshop CC for teams All Multiple Platforms Multi Asian Languages Team Licensing Subscription New Education Named license 12 Months,Phần mềm,"  2,730,000 "
P-209,Phần mềm VideoStudio Pro X10 Education License (1-4),Phần mềm,"  4,230,000 "
P-210,Phí sử dụng phần mềm Office 365 Business - 8 months - 1 user,Phần mềm,"  1,130,000 "
P-211,"Máy tính xách tay Dell Vostro 3468 (K5P6W11)/Black/ Intel KabyLake i5-7200U (2.50GHz upto 3.10GHz, 3MB)/ Ram 4GB DDR4 / HDD 1 TB/ AMD Radeon R5 M420 2GB GDDR3 / 14 inch HD / DVDRW /WC + BT + WL / Dos",Máy tính,"  7,740,000 "
P-212,Pin máy tính xách tay (6cell),Phụ kiện,"  820,000 "
P-213,phần mềm Creative Cloud for teams All Apps ALL Multiple Platforms Multi Asian Languages Team Licensing Subscription New 10 months,Phần mềm,"  13,330,000 "
P-214,Dịch vụ triển khai cài đặt,Dịch vụ,"  65,000,000 "
P-215,Bản quyền phần mềm dùng cho máy vi tính AVG Anti virus Business Adition 1C 1Y,Phần mềm,"  410,000 "
P-216,phần mềm Central Endpoint Standar1-9 uers,Phần mềm,"  850,000 "
P-217,Phần mềm PowerDirector 16 Ultimate,Phần mềm,"  2,280,000 "
P-218,Phần mềm VMware vSphere 6 Standard Acceleration Kit for 6 processors,Phần mềm,"  219,330,000 "
P-219,Dịch vụ phần mềm Basic Support/Subscription VMware vSphere Standard Acceleration Kit for 6 processors for 1 year,Phần mềm,"  60,200,000 "
P-220,Bản quyền phần mềm ManageEngine OpManager Essential Edition – IPF Model Initial Product Fee for 100 Devices Pack + Annual Support fee for 100 Devices Pack,Phần mềm,"  107,250,000 "
P-221,Phần mềm FrameMaker International English AOO License,Phần mềm,"  13,200,000 "
P-222,Phần Mềm SecurityPlus Renewal 7000 User 1 Year,Phần mềm,"  46,830,000 "
P-223,Máy tính xách tay HP Probook 440 G5 3CH00PA,Máy tính,"  11,180,000 "
P-224,Phần mềm OneDrive for Business (Plan 1)- 60 months,Phần mềm,"  890,000 "
P-225,Bộ nhớ trong máy tính xách tay Kingston 8GB bus 2400,Phụ kiện,"  1,610,000 "
P-226,Ổ cứng gắn trong Samsung SSD 860 EVO 250 GB M2 Sata 250Gb,Phụ kiện,"  1,740,000 "
P-227,Phần mềm PaintShop Pro 2018 Corporate Edition Lic Single User,Phần mềm,"  2,040,000 "
P-228,"Phần mềm Endpoint Protection, Renewal Software Maintenance, 1-24 Devices 1 YR",Phần mềm,"  430,000 "
P-229,"Phần mềm Endpoint Protection, Initial Subscription License with Support, 1-24 Devices 1 YR",Phần mềm,"  500,000 "
P-230,Phần mềm Wondershare PDFelement 6 Professional - Single-User License (Windows),Phần mềm,"  1,860,000 "
P-231,Phần mềm O365XtraFileStrgOpn ShrdSvr SNGL SubsVL OLP NL Annual AddOn Qlfd,Phần mềm,"  90,000 "
P-232,Phí sử dụng phần mềm Office 365 Business -9 months,Phần mềm,"  1,100,000 "
P-233,Phần mềm SQLSvrStdCore 2017 SNGL OLP 2Lic NL CoreLic Qlfd,Phần mềm,"  45,240,000 "
P-234,Phần mềm SQLSvrEntCore 2017 SNGL OLP 2Lic NL CoreLic Qlfd,Phần mềm,"  168,340,000 "
P-235,Máy chủ Dell PowerEdge T330 8x3.5/E3-1220 v6/ 8GB RAM/ 1TB HĐ / DVDRW/ PERC H330/ On- Board LOM 1GBE/ Idarc8 Basic/ 495W PSU/ Bezel/3Yrs Pro,Phụ kiện,"  21,300,000 "
P-236,"Màn hình Dell E2216H 21.5"" Monitor",Phụ kiện,"  1,500,000 "
P-237,Bàn phím Dell KB216B USB,Phụ kiện,"  130,000 "
P-238,Chuột quang vi tính Dell MS116,Phụ kiện,"  100,000 "
P-239,Phần mềm Mdaemon Expired Renewal 2500 User,Phần mềm,"  17,090,000 "
P-240,Phần mềm SecurityPlus 500 User,Phần mềm,"  16,740,000 "
P-241,Phần mềm bảo mật Splunk Enterprise - Perpetual License 01 GB/Day,Phần mềm,"  119,200,000 "
P-242,Dịch vụ hỗ trợ Splunk Enterprise - Standard Support 01 GB/Day,Dịch vụ,"  23,840,000 "
P-243,Phí sử dụng phần mềm Microsoft Azure,Phần mềm,"  3,670,000 "
P-244,Phần mềm MDaemon 2000 User,Phần mềm,"  30,260,000 "
P-245,Phần mềm SecurityGateway for Email Servers 2000 user 1 year,Phần mềm,"  36,330,000 "
P-246,Máy tính bảng Lenovo Ideapad Mixx 320-80XF00GHVN Platinum,Máy tính,"  4,060,000 "
P-247,"Bộ lưu điện APC Smart-UPS màn hình LCD công suất 2200VA, điện áp 230V_SMT2200I",Phụ kiện,"  9,880,000 "
P-248,Phần mềm WinSvrCAL 2016 SNGL OLP NL UsrCAL,Phần mềm,"  470,000 "
P-249,Phần mềm ExchgStdCAL 2016 SNGL OLP NL UsrCAL,Phần mềm,"  1,090,000 "
P-250,Phần mềm ComponentOne Ultimate 2018 v2 - 1 Developer License - Includes 1 Year Subscription and Platinum Support,Phụ kiện,"  30,900,000 "
P-251,Phần mềm Product Design & Manufacturing Collection IC Commercial New Single-user ELD Annual Subscription,Phần mềm,"  19,940,000 "
P-252,Đăng ký tên miền,Phụ kiện,"  160,000 "
P-253,Phí sử dụng phần mềm Exchange Online (Plan 1) - 9 months,Phần mềm,"  590,000 "
P-254,Ổ cứng SSD Samsung 860 Evo 250GB M2.2280,Phụ kiện,"  1,880,000 "
P-255,Phần mềm Growing business 1 year,Phần mềm,"  6,020,000 "
P-256,Phần mềm MDaemon Renewal 1000 to 1200 User Upgrade,Phần mềm,"  9,050,000 "
P-257,Phần mềm SecurityGateway Annual License 1100 to 1150 User Upgrade 1 Year,Phần mềm,"  30,560,000 "
P-258,Phần mềm XYplorer Standard License Pro,Phần mềm,"  1,430,000 "
P-259,Bản quyền phần mềm Kaspesky Anti Virus cho 1 máy tính (KL1167MUAFS),Phần mềm,"  130,000 "
P-260,Phí sử dụng phần mềm Exchange Online (Plan 1) - 8 months,Phần mềm,"  500,000 "
P-261,Phí sử dụng phần mềm Office 365 Business -8 months,Phần mềm,"  990,000 "
P-262,Phần mềm Teamviewer Corporate Subscription,Phần mềm,"  15,470,000 "
P-263,Phần mềm SAP Crystal Reports 2016 Win Intl Nul (3 to 9),Phần mềm,"  11,200,000 "
P-264,Phần mềm VisioStd 2016 SNGL OLP NL,Phần mềm,"  3,510,000 "
P-265,Phần mềm PRTG 500 with 12 maintenance months included,Phụ kiện,"  22,210,000 "
P-266,Phần mềm Office Home and Student 2013 32-bit/x64 English APAC EM DVD (79G-03570),Phần mềm,"  1,050,000 "
P-267,Phần mềm Foxit PhantomPDF Standard 7.0 ( English),Phần mềm,"  1,760,000 "
P-268,Phần mềm Update from Corporate 10 to 11,Phần mềm,"  16,180,000 "
P-269,Phần mềm SYMC ENDPOINT PROTECTION 12.1 PER USER BNDL STD LIC EXPRESS BAND A ESSENTIAL 12 MONTHS (0E7IOZF0-EI1EA),Phần mềm,"  440,000 "
P-270,Phần mềm Photoshop CC Multiple Platforms Multi Asian languages Licensing Subscription license 1 USER Level 11-49 ( 12 months),Phần mềm,"  5,790,000 "
P-271,Phần mềm Access 2016 Sngl OLP NL,Phần mềm,"  2,610,000 "
P-272,Máy tính HP Workstation Z640 E5-2620v4/8G/1TB/VGA4G/DVDRW/K/M,Máy tính,"  28,800,000 "
P-273,Màn hình Dell U2515H 25Inch 2K QHD UltraSharp IPS,Phụ kiện,"  3,720,000 "
P-274,Máy tính xách tay Dell Inspiron 7460-N4I5259OW,Máy tính,"  10,360,000 "
P-275,Thiết bị chuyển mạch Cisco SB SF95D-08 8-port,Phụ kiện,"  1,200,000 "
P-277,Bộ định tuyến Cisco C891F-K9,Phụ kiện,"  9,730,000 "
P-278,Phí sử dụng phần mềm Office 365 Business - 12 months,Phần mềm,"  1,690,000 "
P-279,Phần mềm Creative Cloud for teams All Apps with Adobe Stock ALL Multiple Platforms Multi Asian Languages  Team Licensing Subscription New- 12 months,Phần mềm,"  23,720,000 "
P-280,Phần mềm ABBYY FineReader 14 Standard,Phần mềm,"  3,470,000 "
P-281,"Máy tính xách tay Lenovo ThinkPad X280 20KFS01900 (core i5-8250U/8GB/256G SSD/12.5""/DOS)",Máy tính,"  16,360,000 "
P-282,Phần mềm SecureCRT (3-year),Phần mềm,"  2,670,000 "
P-283,Phần mềm VMware vCenter Server 6 Standard for vSphere 6 (Per Instance),Phần mềm,"  79,180,000 "
P-284,Dịch vụ phần mềm Production Support/Subscription VMware vCenter Server 6 Standard for vSphere 6 (Per Instance) for 1 year_VCS6-STD-P-SSS-C,Phần mềm,"  20,550,000 "
P-285,Máy in Laser đen trắng Canon LBP 2900 (H),Phụ kiện,"  1,720,000 "
P-286,Thiết bị chia mạng TP-Link SF1008D,Phụ kiện,"  130,000 "
P-287,Phần mềm lập trình CXONE-AL01D-V4-UP,Phần mềm,"  8,790,000 "
P-288,Chíp vi xử lý_INTEL_CORE I5-7500 3.4ghz (Giao PBH trên vỏ) + Quạt,Phụ kiện,"  3,040,000 "
P-289,Mạch chính VT_GIGABYTEGA_H110M_DS2,Phụ kiện,"  900,000 "
P-290,Bộ nhớ trong Apacer DDR4 DIMM 2400-16 1024x8 8GB GP (EK 08G2T GEC),Phụ kiện,"  950,000 "
P-291,Ổ cứng Western 1tb sata,Phụ kiện,"  820,000 "
P-292,Màn hình Samsung LED_LS19F350FHNEXV 18.5'',Phụ kiện,"  1,060,000 "
P-293,Bàn phím Genuis KB110USB,Phụ kiện,"  70,000 "
P-294,"Chuột máy tính Genuis RS, DX-120, USB, chiếc. G5 màu đen",Phụ kiện,"  50,000 "
P-295,Nguồn Orient ATX 450W,Phụ kiện,"  150,000 "
P-296,Vỏ máy tính Hantkey HT-055,Phụ kiện,"  160,000 "
P-297,Hỗ trợ kỹ thuật phần mềm Oracle Database Standard Edition 2 - Processor Perpetual (1 năm),Phần mềm,"  36,960,000 "
P-298,"Máy tính xách tay HP Pavilion 14-bf115TU (3MS11PA)-8250U R4H1T, 14"" Win 10, màu Bạc",Máy tính,"  8,390,000 "
P-299,Bộ nhớ trong Kingston 4G D4-2400U17 1RX16 UDIMM (KVR24N17S6/4),Phụ kiện,"  690,000 "
P-300,Ổ cứng PLEXTOR 128GB - PX-128S3C,Phụ kiện,"  910,000 "
P-301,Máy tính xách tay (NB)HP Probook 430 G5 Core i7-8550U/4GD4/256GSSD/13.3HD/FP/TPM/Wlac/BT4.1/3C48WHr/ALUp/BAC/DOS/LED_KB(2ZD52PA),Máy tính,"  12,060,000 "
P-302,"Máy tính xách tay Del INS15 3543 (696TP1) core i5-52U/4G/1TB/DVDRW/15.6""",Máy tính,"  15,950,000 "
P-303,"Gia hạn bản quyền phần mềm Fortigate 300D: UTM Protection (8x5 FortiCare plus Application Control, IPS, AV, Web Filtering and Antispam Services)",Phần mềm,"  51,360,000 "
P-304,Ổ cứng SSD Transcend MTS820 120GB M2.2280,Phụ kiện,"  550,000 "
P-305,Bộ nhớ trong Kingston 4Gb D4-2400S17 1Rx16 SODIMM(KVR24S17S6/4),Phụ kiện,"  1,360,000 "
P-306,Dịch vụ phần mềm Production Support/Subscription VMware vSphere 5 Essentials Plus Kit for 1 year,Phần mềm,"  19,140,000 "
P-307,"Gia hạn bản quyền phần mềm Fortigate 200B UTM Bundle (8x5 FortiCare plus NGFW, AV, Web Filtering and Antispam Services) (FC-10-00202-900-02-12)",Phần mềm,"  18,140,000 "
P-308,Phần mềm ESET NOD 32 Antivirus 1User 1Year EAV-1U1Y,Phần mềm,"  200,000 "
P-309,phần mềm Basic Support/Subscription VMware vSphere 6 Essentials Plus Kit for 1 year,Phần mềm,"  14,290,000 "
P-310,"Gia hạn bản quyền phần mềm Fortigate 60D- UTM Bundle (8x5 FortiCare plus NGFW, AV, Web Filtering, Botnet IP/Domain and Antispam Services).",Phần mềm,"  3,680,000 "
P-311,Phần mềm Trend Micro Titanium Maximum Security 3PC ( 1 Year ),Phần mềm,"  410,000 "
P-312,Phí sử dụng phần mềm Skype for Business Online (Plan 2) - 12 months - 2 user,Phần mềm,"  2,020,000 "
P-313,Phần mềm PRTG Network Monitor 500(PRTG-500),Phần mềm,"  28,140,000 "
P-314,Phí sử dụng phần mềm  Office 365 Business Premium - 12 tháng,Phần mềm,"  1,930,000 "
P-315,"Gia hạn bản quyền phần mềm UTM bundle (8x5 FortiCare Plus NGFW, AV, Web Filtering and Antispam Services)) (FC-10-00116-900-02-12)",Phần mềm,"  13,650,000 "
P-316,Phần mềm Vray for 3ds Max,Phần mềm,"  12,840,000 "
P-317,Phần mềm Mdaemon 50 to 100 User Upgrade,Phần mềm,"  1,110,000 "
P-318,Phần mềm SecurityPlus 100 to 140 User Upgrade,Phần mềm,"  1,040,000 "
P-319,Phần mềm Mdaemon Connector for Outlook 150 to 200 User Upgrade,Phần mềm,"  2,540,000 "
P-320,Dịch vụ phần mềm Production Support/Subscription VMware vSphere 6 Essential Plus Kit for 1 year_VS6-ESP-KIT-P-SSS-C,Phần mềm,"  15,930,000 "
P-321,Phần mềm Camtasia-9 Electronic 1 Single User Commercial,Phần mềm,"  4,030,000 "
P-322,Phần mềm Radmin 3 Remote Control - Additional 5- Client Access license,Phần mềm,"  4,140,000 "
P-323,"Màn hình LCD Dell E2417H 24 Inch Wide (1920x1060 FHD)/cổng VGA, Displayport",Phụ kiện,"  2,130,000 "
P-324,Máy tính để bàn Dell Inspiron 3470 (STI51315-8G-1T) không màn hình (core i5-8400/8GB/1TB/DVDRW/K+M),Máy tính,"  7,720,000 "
P-325,Phần mềm ESET File Security for Microsoft Windows,Phần mềm,"  1,150,000 "
P-326,Bản quyền phần mềm Kaspesky Total Security MD 1 năm cho 1 thiết bị (KL1919MCAFS),Phần mềm,"  250,000 "
P-327,"Phần mềm Endpoint Protection, Initial Subscription License with Support, 1-24 Devices 3 YR",Phần mềm,"  1,200,000 "
P-328,Phần mềm Eset Nod 32 Antivirus 3 user 1 year,Phần mềm,"  160,000 "
P-329,"Máy tính xách tay Lenovo Thinkpaf X250,i5-5200U(2.2GHz/3MB),4GB RAM,500GB 7200RPM, 12.5'' HD,Intel HD Graphics 5500,Wifi Intel 7265+BT4,HD Camera,FPR, 3cell LiPolymer Front+3cell LiPolymer Rear, No OS,3YWTY_20CLA009VA",Máy tính,"  13,380,000 "
P-330,Ổ cứng SSD Lite-on S900 256Gb sata (0401L256),Phụ kiện,"  1,750,000 "
P-331,"Máy chủ LNV x3650 M4, Xeon 6C E5-2620 95W 2.0GHz/1333MHz/15MB, 1x8GB, O/Bay HS 2.5in SAS/SATA, SR M5110e, 550W p/s, Rack",Phụ kiện,"  51,010,000 "
P-332,Ổ cứng cắm ngoài WD Elements 1 WX21A35J1T7V,Phụ kiện,"  920,000 "
P-333,Máy tính để bàn Asus K30AD-VN018D (90PD00K1-M03350)/Intel Pentium G3240 (3.1 GHz)/Ram 4GB DDR3/500GB HDD 7200 Rpm/Intel HD Graphisc/Gigabit LAN/24xDVD-RW/WL+BT//Keyboard & Mouse/Free Dos,Máy tính,"  3,980,000 "
P-334,"Ổ cứng GN WD My Passport Ultra Metal Edition 2TB 2.5"" USB 3.0 WDBEZW0020BBA",Phụ kiện,"  2,670,000 "
P-335,Phần mềm BACKUP EXEC SERVER ED WIN 1 SERVER ONPREMISE STANDARD LICENSE + ESSENTIAL MAINTENANCE BUNDLE INITIAL 12MO CORPORATE,Phần mềm,"  11,210,000 "
P-336,Máy tính để bàn Dell Optiplex 3020 MT-4160,Máy tính,"  5,790,000 "
P-337,Màn hình LED DELL  18.5’ – LED E1916HV,Phụ kiện,"  1,400,000 "
P-338,Máy quét ảnh hoặc tài liệu HP N6350-L2730A,Phụ kiện,"  14,530,000 "
P-339,"Ổ cứng gắn ngoài Seagate Backup Plus Slim Portable 1Tb 2.5'' USB3.0, màu đen",Phụ kiện,"  1,270,000 "
P-340,Thẻ nhớ USB Sandisk CZ73 16Gb USB3.0,Phụ kiện,"  170,000 "
P-341,Phần mềm Mdaemon 250 User SKU: MD_NEW_P1,Phần mềm,"  16,660,000 "
P-342,Dịch vụ phần mềm Basic Support Coverage VMware vCenter Server 6 Standard for vSphere 6 (Per Instance),Phần mềm,"  30,580,000 "
P-343,Phần mềm Update from Business 10 to 11,Phần mềm,"  3,170,000 "
P-344,"Máy tính để bàn Dell Precision T3620 MT(42PT36D007)/Intel Xeon E3-1270 v5(3.6GHz, 8Mb) Ram 32Gb(4x8Gb) 2133Mhz DDR4, SSD500Gb ,VGA 4Gb NVIDIA Quadro K220/DVDRW/Integrated Intel 82579 Gigabit Ethernet Controlller/Key+Mouse/Ubuntu/ 3y",Máy tính,"  26,450,000 "
P-345,Màn hình LCD Dell U2715H Wide LED 27 Inch,Phụ kiện,"  6,760,000 "
P-347,Phần mềm MDaemon Renewal 3500 to 4000 User Upgrade 2 Year,Phần mềm,"  26,280,000 "
P-348,Phần mềm SecurityPlus Renewal 3500 to 4000 User Upgrade 2 Year,Phần mềm,"  39,330,000 "
P-349,Phần mềm Production Support/Subsciption for VMwave Site Recovery Manager 6 Standard ( 25 VM Pack) for 1 Year,Phần mềm,"  16,520,000 "
P-350,Phần mềm MDaemon 100 users 1 year,Phần mềm,"  12,670,000 "
P-351,Phần mềm SYMC ENDPOINT PROTECTION 12.1 PER USER BNDL STD LIC EXPRESS BAND A ESSENTIAL 36 MONTHS(0E7IOZF0-EI3EA),Phần mềm,"  720,000 "
P-352,Pin máy tính xách tay LNV ( DNNBBT-IBMT410),Phụ kiện,"  1,400,000 "
P-353,Máy in Canon LBP151DW,Phụ kiện,"  2,500,000 "
P-354,Phần mềm SYMC ENDPOINT PROTECTION 14 PER USER BNDL STD LIC EXPRESS BAND A ESSENTIAL 36 MONTHS,Phần mềm,"  800,000 "
P-355,Phần mềm Basic Support/Subscription VMware vCenter Server 6 Standard for vSphere 6 (Per Instance) for 3 year,Phần mềm,"  45,240,000 "
P-356,Bộ lưu điện (UPS) santak 500 VA,Phụ kiện,"  570,000 "
P-357,Máy in laser Canon LBP6680x,Phụ kiện,"  5,290,000 "
P-358,Màn chiếu điện Grandview CB-MI106(16:9)GM,Phụ kiện,"  9,000,000 "
P-359,Giá treo máy chiếu EA-100,Phụ kiện,"  420,000 "
P-360,Gia Hạn dịch vụ bảo trì thiết bị Renewal Citrix NetScaler MPX 14020 Platinum Appliance License Program: ELA-3 Renewal Type: Reinstatement Maintenance Level: BRONZE,Dịch vụ,"  156,650,000 "
P-361,ĐTDĐ Apple Iphone 6S Plus 32GB,Phụ kiện,"  7,030,000 "
P-362,Điện thoại di động Samsung J7 Prime,Phụ kiện,"  3,290,000 "
P-363,"Máy tính xách tay Dell XPS 15 9570 (70158746)/ Silver/ Intel Core i7-8750H (2.20 GHz,9 MB)/ Ram 2x8GB/ 512GB SSD/ NVIDIA GeForce GTX 1050 Ti 4GB/ 15.6 inch Full HD/Win 10 + Office 365",Máy tính,"  31,110,000 "
P-364,Phí sử dụng phần mềm Office 365 Enterprise E3 - 12 tháng,Phần mềm,"  3,000,000 "
P-365,Máy ảnh Olympus Tough TG-5,Phụ kiện,"  7,760,000 "
P-366,Thẻ nhớ Sandisk SDSD XPA-016G ExtremePro SDHC 95MB/s 633X,Phụ kiện,"  320,000 "
P-367,"Bộ lưu trữ IBM TS4300 Tape Library Express, 2xLTO 6 HH FC Drive, 2x10m, FC Cable, 2 x LTO Cleaning, Fibre tape drive Suport, Rack Mount Kit, PC-3555-L3A",Phụ kiện,"  96,720,000 "
P-368,Máy tính Dell Vostro 3670MT (70157885)/ Core i3-8100 (3.60 GHz 6MB)/ 1TB HDD/ DVDRW/WL+BT Card/ Mouse/ Keyboard/ Ubuntu/ 1Yr,Máy tính,"  4,800,000 "
P-369,Điện thoại DĐ Apple iPhone 8 Plus 64G-Gray(Chính hãng),Phụ kiện,"  12,990,000 "
P-370,Điện thoại Apple iPhone X 64Gb Gray(A1901),Phụ kiện,"  15,020,000 "
P-371,Điện thoại IPhone 6 32 GB VN/A (Vàng Đồng),Phụ kiện,"  3,480,000 "
P-372,"phần mềm Nagios XI 200-Node License, 1 Year Email Support and Maintenance Plan",Phần mềm,"  40,480,000 "
P-373,Phần mềm Nagios XI Enterprise License Add-on with 1 Year Maintenance,Phần mềm,"  28,300,000 "
P-374,Phần mềm InDesign CC ALL Multiple Platforms Multi Asian Languages Team Licensing Subscription New - 12 months,Phần mềm,"  5,400,000 "
P-375,Máy tính xách tay Asus X541UA-GO1372T/ Đen( Core i3-7100U 4GB/ 1TB/15.6”/ WIN10),Máy tính,"  5,640,000 "
P-376,Điện thoại Apple iPhone 8 Plus/ 64GB (Gray),Phụ kiện,"  13,440,000 "
P-377,ĐTDĐ Apple Iphone 7 - 32 GB Chính hãng,Phụ kiện,"  10,910,000 "
P-378,Ổ cứng Western Blue 1TB 7200rpm SATA3 64Mb,Phụ kiện,"  570,000 "
P-379,Chíp vi xử lý CPU AMD Ryzen 5 1400,Phụ kiện,"  3,120,000 "
P-380,Bộ bàn phím chuột Logitech MK120,Phụ kiện,"  160,000 "
P-381,Màn hình Dell E2016HV 19.5Inch LED,Phụ kiện,"  1,310,000 "
P-382,Laptop Dell Latitude 3440 Corei5 (L4I5H005),Phụ kiện,"  7,090,000 "
P-383,Chuột quang Dell MS111 Black USB (DELL-MS111),Phụ kiện,"  60,000 "
P-384,Dịch vụ bảo hành mở rộng hai năm cho Laptop Dell Latitude 3440 L4I5H/Intel Haswell Core i5-4210U/Ram 4GB DDR3/500Gb HDD,Dịch vụ,"  1,170,000 "
P-385,Phần mềm Autodesk AutoCAD LT Commercial Subscription (1year) (05700-000000-9860),Phần mềm,"  2,850,000 "
P-386,Phần mềm Autodesk ACADLT 2016 RL2 DVD Sub(057H1-R23461-1151),Phần mềm,"  12,320,000 "
P-387,Phần mềm Creative Cloud for teams All Multipe platform Liscesing Sub_65206838BA01A12 (65206838BA01A12),Phần mềm,"  8,780,000 "
P-388,Phần mềm Adobe Premiere Pro Cc All Multiple Platforms Multi Asia Language Licensing Subscription-65226033BC01A12 (65226033BC01A12),Phần mềm,"  4,100,000 "
P-389,Phần mềm Audition All MLP License Subscription Multi Asia Languages Promo-65226084BA01A12-1 Year,Phần mềm,"  3,890,000 "
P-390,"Ổ cứng GN WD My Passport Ultra Anniversary Edition 1TB 2.5"" USB 3.0",Phụ kiện,"  1,290,000 "
P-391,Hỗ trợ kỹ thuật Phần mềm 1 năm Oracle MySQL Standard Edition Subscription (1-4 socket server),Phần mềm,"  33,250,000 "
P-392,Phần mềm Red Hat Enterprise Linux Server Premium (1-2 sockets) (Up to 1 guest) 1 Year_RH0155783,Phần mềm,"  22,400,000 "
P-393,"Máy tính xách tay Lenovo ThinkPad T450(20BUCT01WW) Intel Core i5-4300U(1.9Ghz, 3MB)/4gb DDR3/500Gb HDD 7200rpm/Intel HD Graphics 4400/14HD WLED/WC+WL+BT/FB/6 Cell Cylindrical/Dos/3Y",Máy tính,"  12,850,000 "
P-394,Ram Kingston 4Gb DDR3L-1600C11 SODIMM 1.35V (KVR16LS11/4),Phụ kiện,"  500,000 "
P-395,Chuột Quang Không Dây Logitech M325,Phụ kiện,"  230,000 "
P-396,Bo mạch chính ASUS,Phụ kiện,"  810,000 "
P-397,Bộ vi xử lý Intel haswell Pentium G3240,Phụ kiện,"  670,000 "
P-398,Bộ nhớ trong Kingston 4GBD3-1600,Phụ kiện,"  370,000 "
P-399,Ổ cứng 500GB(Blue) Sata3 16MB,Phụ kiện,"  740,000 "
P-400,Nguồn máy tính Huntkey CP-350,Phụ kiện,"  250,000 "
P-401,Vỏ máy tính Orient 3008B,Phụ kiện,"  190,000 "
P-402,Màn hình máy tính Samsung LS19D300,Phụ kiện,"  1,100,000 "
P-403,Chuột vi tính Fuhlen L102,Phụ kiện,"  70,000 "
P-404,Bàn phím vi tính Fuhlen L411,Phụ kiện,"  80,000 "
P-405,Phần mềm Kerio Control Sophos AV 25 User - 1 year,Phần mềm,"  10,610,000 "
P-406,Máy in laser Canon Đa Chức Năng MF4870DN,Phụ kiện,"  5,540,000 "
P-407,Phần mềm SYMC BACKUP EXEC 15 SERVER WIN PER SERVER BNDL STD LIC EXPRESS BAND S ESSENTIAL 12 MONTHS,Phần mềm,"  10,670,000 "
P-408,Phần mềm SYMC BACKUP EXEC 15 AGENT FOR APPLICATIONS AND DATABASES WIN PER SERVER BNDL STD LIC EXPRESS BAND S ESSENTIAL 12 MONTHS,Phần mềm,"  10,670,000 "
P-409,Phần mềm SYMC BACKUP EXEC 15 AGENT FOR WINDOWS WIN PER SERVER BNDL STD LIC EXPRESS BAND S ESSENTIAL 12 MONTHS,Phần mềm,"  6,910,000 "
P-410,Phần mềm Adobe Premiere Pro Cc All Multiple Platforms Multi Asia Language Licensing Subscription-65226033BA01A12 (65226033BA01A12),Phần mềm,"  3,590,000 "
P-411,Phần mềm SketchUp Pro 2016 New Single User + 1 year Maintenance & Support,Phần mềm,"  9,500,000 "
P-412,Phần mềm Autodesk 3ds Max 2016 Commercial New Single-user ELD 2-Year Subscription with Basic Support ACE PROMO,Phần mềm,"  29,450,000 "
P-413,Phần mềm Creative Cloud for teams - All Apps ALL Multiple Platforms Multi Asian Languages Licensing Subscription (2 Year),Phần mềm,"  28,630,000 "
P-414,Phần mềm Creative Cloud for teams All Apps ALL Multiple Platforms Multi Asian Languages Team Licensing Subscription Renewal Level 1 Partner Price Lock only 1 User (1 Year),Phần mềm,"  8,880,000 "
P-415,Máy tính xách tay Dell Vostro V5480(70057780)/ Intel Core i5_5200U(2.2Ghz-3Mb Cache)/Ram 4Gb DDR3/HDD 500Gb Hybrid/2Gb NVidia GT830M/14Inch LED/WC+WL+BT/3 cell/Win8.1,Máy tính,"  10,200,000 "
P-416,Chuột không dây Dell WM123 (WM123),Phụ kiện,"  120,000 "
P-417,Phần mềm Autodesk Building Design Suite Ultimate 2017 Commercial New Single-user ELD Annual Subscription with Advanced Support,Phần mềm,"  41,710,000 "
P-418,"Ổ cứng gắn ngoài WD Digital 500gb 3.5""",Phụ kiện,"  960,000 "
P-419,Phần mềm PRTG1000 with 12 maintenance months,Phần mềm,"  8,400,000 "
P-420,Phần mềm ManageEngine ADManager Plus Professional Edition,Phần mềm,"  12,810,000 "
P-421,Máy in HP Laserjet Pro M402DN (C5F94A) - 01 Y,Phụ kiện,"  4,850,000 "
P-422,"Thiết bị thu phát sóng không dây LinkSYS, N600 SMART WI-FI ROUTER With GIGABIT ETHERNET_EA2750",Phụ kiện,"  1,270,000 "
P-423,Phần mềm Photoshop CC ALL Multiple Platforms Multi Asian Languages Licensing Subscription Monthly 1 USER (12 Months),Phần mềm,"  2,960,000 "
P-424,Phần mềm Creative Cloud for teams - complete Multiple Platforms Multi Asian Languages Licensing Subscription license 1 USER Level 1 1 - 49 12 Months Education Named,Phần mềm,"  6,490,000 "
P-425,Thiết bị tường lửa Fortigate 90D,Phụ kiện,"  18,200,000 "
P-426,"Máy tính xách tay Dell Vostro 3459 (70071892) Black/ Intel Skylake Core i5-6200U(2.3Ghz, 4Mb)/Ram 4Gb/HDD 500Gb/Intel HD Graphics 520/14Inch HD/WLED/DVDRW/WC+WL+BT/Dos",Máy tính,"  8,050,000 "
P-427,Phần mềm WinSvrDataCtr 2012R2 SNGL OLP NL Acdmc 2Proc Qlfd,Phần mềm,"  71,170,000 "
P-428,"Máy tính xách tay Dell Vostro 3468(70088614) Black/Intel Kabylake Core i5-7200U (2.5GHz, 3Mb) Ram 4Gb DDR4/HDD 1TB/Intel HD Graphics 620/14Inch/DVDRW/WC +BT+WL/Ubuntu",Máy tính,"  8,740,000 "
P-429,"Máy tính xách tay Lenovo Thinkpad X270, i7-7600U(2.8/4Mb)4Gb DDR4, 256Gb SSD ,12.5"" HD. FPR, 3 cell Rear, No OS, ThinkPad Bluetooth Laser Mouse, 3Y, WTY_20HM000JVA",Máy tính,"  19,910,000 "
P-430,Máy scan Plustek PN2040,Phụ kiện,"  5,290,000 "
P-431,Phần mềm OmniPlan 3 Pro,Phần mềm,"  5,400,000 "
P-432,Phần mềm Autodesk 3ds Max 2018 Commercial New Single-user  ELD Annual Subscription SPZD,Phần mềm,"  12,900,000 "
P-433,Phần mềm Lansweeper Standard (Up to 500 Assets) 03 year,Phần mềm,"  20,230,000 "
P-434,Phần mềm Photoshop CC for team ALL Multiple Platforms Multi Asian Languages Team Licensing Subscription New - 23 months,Phần mềm,"  9,720,000 "
P-435,Phần mềm Illustrator CC for teams ALL Multiple Platforms Multi Asian Languages Team Licensing Subscription New - 23 months,Phần mềm,"  9,720,000 "
P-436,Phần mềm Autodesk ReCap PRO 2018 Commercial New Single-user ELD Annual Subscription,Phần mềm,"  3,080,000 "
P-437,Phần mềm Upgrade from Business 11 to Corporate 12,Phần mềm,"  25,610,000 "
P-438,"Máy tính xách tay Lenovo ThinkPad T470s, i7-7600U(2.8GHz/4MB),2x4GB DDR4,256GB SSD, 14' FHD, FPR, 3CELL FROUNT + 3CELL REAR, No OS, Thinkpad Bluetooth Laser Mouse, 3Y WTY_20HGA08KVA",Máy tính,"  19,440,000 "
P-439,Ổ cứng Plextor 512G-PX-512M6V,Phụ kiện,"  2,670,000 "
P-440,Máy tính xách tay Dell Vostro 14 3468 Intel core i5-7200U(2.50GHz/3MB)/4GB Ram/1TB HDD/DVDRW/14inch HD/WL+BT/WC/Fingerprint/Ubuntu/black(70088614) - 01Y/Túi,Máy tính,"  8,100,000 "
P-441,Bộ micro và loa kết hợp Jabra Speak 510MS (7510-109),Phụ kiện,"  2,720,000 "
P-442,Micro hội nghị BOYA-BY-MC2,Phụ kiện,"  1,270,000 "
P-443,Micro máy tính Yingbao Pro-10A,Phụ kiện,"  430,000 "
P-444,SC - P5000 Máy in Epson,Phụ kiện,"  41,180,000 "
P-445,Phần mềm Radius Manager Pro,Phần mềm,"  2,280,000 "
P-446,Phần mềm giám sát mạng PRTG cho 1000 thiết bị Modern PRTG 1000 v9 2014(PRTG-1000V92014,Phần mềm,"  9,100,000 "
P-447,"Phần mềm ManageEngine ADmanager plus professional Edition- Subscription Model, annual subscription free for 01 Domain (Unrestricted Objects)",Phần mềm,"  12,300,000 "
P-448,Phí sử dụng phần mềm Office 365 Business - 20 user - 1 year,Phần mềm,"  14,040,000 "
P-449,phần mềm Power Director 15 Ultra,Phần mềm,"  2,070,000 "
P-450,Phần mềm Office ProPlus 2016 SNGL OLP NL,Phần mềm,"  6,070,000 "
P-451,Máy tính xách tay Fujitsu LIFEBOOK E736 Intel core i5-6200U / ram 4GB / HDD 500gb / 13.3'HD/ No Camera + 2xdigital MIC/ AC Adapter (3 pin) 65W/19V/6cell 63Wh/ No Finger Print / No Smart card/ No OS,Máy tính,"  14,640,000 "
P-452,Bộ lưu điện UPS Santak TRUE ONLINE C2K,Phụ kiện,"  17,250,000 "
P-453,Phần mềm Autodesk AutoCAD LT 2018 Commercial New Single-user ELD 2-Year Subscription,Phần mềm,"  6,590,000 "
P-454,Thiết bị lưu trữ Synology - Hộp ổ cứng gắn ngoài kết nối mạng LAN USB 3.0 - RS816,Phụ kiện,"  9,280,000 "
P-455,Bộ phụ kiện hộp ổ cứng Synology thanh trượt Slide Rail Kits - RKS 1317,Phụ kiện,"  1,590,000 "
P-456,Phần mềm VERITAS BACKUP EXEC 16 AGENT FOR WINDOWS WIN ML PER SERVER BNDL BUS PACK ESSENTIAL 12 MONTHS CORPORATE_17759-M1,Phần mềm,"  5,440,000 "
P-457,Phần mềm TrendMicro Maximum Security,Phần mềm,"  190,000 "
P-458,Phần mềm Creative Cloud for teams All Apps ALL  Multiple Platforms Multi Asian Languages Team Licensing Subscription Renewal 12 months,Phần mềm,"  11,790,000 "
P-459,Phần mềm SharePointSvr 2016 SNGL OLP NL,Phần mềm,"  84,450,000 "
P-460,Ổ cứng gắn ngoài WD My Passport 3TB,Phụ kiện,"  2,150,000 "
P-461,Ổ cứng dùng cho máy chủ HDD HP 300GB 10K SAS 2.5,Phụ kiện,"  2,450,000 "
P-462,Máy in Laser HP M402D-C5F92A,Phụ kiện,"  3,000,000 "
P-463,"Phần mềm Renew Kerio Control, Kerio Antivirus Server Extension, 25 users",Phần mềm,"  18,300,000 "
P-464,Phần mềm Add - In A - Tools,Phần mềm,"  630,000 "
P-465,Phần mềm AutoCAD - including specialized toolsets AD Commercial New,Phần mềm,"  31,300,000 "
P-466,Phần mềm InDesign CC for teams ALL Multiple Platforms Multi Asian Languages Team Licensing Subscription New - 12 months,Phần mềm,"  5,320,000 "
P-467,Phần mềm IP-Guard addtional 17 agents with 9 modules,Phần mềm,"  27,950,000 "
P-468,Phần mềm Creative Cloud for teams All Apps ALL Multiple Platforms Multi Asian Languages Team Licensing Subscription New Education Named license 12 months,Phần mềm,"  12,480,000 "
P-469,Thiết bị chia mạng D-link DGS-1024C (vỏ sắt),Phụ kiện,"  1,270,000 "
P-470,"Phần mềm Renew Kerio Control, Kerio Antivirus Server",Phần mềm,"  22,750,000 "
P-471,Phần mềm Office 365 Business - 12 months,Phần mềm,"  1,230,000 "
P-472,Phần mềm Inventor Professional 2019 Commercial New Single-user ELD Annual Subscription,Phần mềm,"  15,860,000 "
P-473,Phần mềm Creative Cloud for teams All Apps ALL Multiple Platforms Multi Asian Languages Team Licensing Subscription Renewal (65270765BA02A12),Phần mềm,"  12,950,000 "
P-474,Phần mềm Win Ult 7 SP1 x64 English 1pk DSP OEI (GLC-02389),Phần mềm,"  2,470,000 "
P-475,Phần mềm NIS2014-1U (NIS2014-1U),Phần mềm,"  100,000 "
P-476,Phần mềm WinSvrCAL 2012 SNGL OLP NL UsrCAL (R18-04281),Phần mềm,"  570,000 "
P-477,Phần mềm hỗ trợ tường lửa: 1 year UTM SW Network Protection UPTO 250Users,Phần mềm,"  23,810,000 "
P-478,Phần mềm AddOn Channel 10,Phần mềm,"  7,810,000 "
P-479,Phần mềm O365MdsBsnssOpen ShrdSvr SNGL SubsVL OLP NL Annual Qlfd MRenewalSKU,Phần mềm,"  1,920,000 "
P-480,Phần mềm Win SL 8.1 x32 Eng Intl 1pk DSP OEI EM DVD (4HR-00220),Phần mềm,"  1,810,000 "
P-481,Phần mềm BACKUP EXEC AGENT FOR WIN 1 SERVER ONPREMISE STANDARD LICENSE + ESSENTIAL MAINTENANCE BUNDLE INITIAL 12MO CORPORATE,Phần mềm,"  5,970,000 "
P-482,"Máy tính để bàn Dell Optiplex 3040SFF(70074620) Intel Core i3-6100(2*3.7Ghz, 3Mb) Ram 4Gb DDR3 1600MHz/500Gb HĐ/Ỉtel HD Graphics 530/DVDRW/Key & Mouse/Ubuntu",Máy tính,"  5,890,000 "
P-483,Màn hình Dell E1715s-Backlight LED 17 inch vông,Phụ kiện,"  1,430,000 "
P-484,Bộ lưu điện UPS Santak TG500VA,Phụ kiện,"  610,000 "
P-485,Cạc máy chủ Intel Ethernet I350 QP 1Gb,Phụ kiện,"  2,550,000 "
P-486,Ổ cứng Western Purple 4Tb IntelliPower SATA3 64Mb,Phụ kiện,"  2,650,000 "
P-487,Thiết bị chuyển mạch Dual Wan Gigabit Router 24P_LRT224,Phụ kiện,"  2,580,000 "
P-488,"Máy tính chủ HP DL 380 G9 CTO 2xE5-2660V3(2.6GHz)/10Core/25Mb, 128Gb Ram(8x16Gb)2x300Gb HDD, DVDRW, SAP440ar/2Gb, 356FLR Adapter, Nic 331i, Security Benzel, Easy Install Rail Kit, 2x800W PS, 3xDP SP Windows E-LTU, Rack 2U, 3Y WTY_719064-B21",Máy tính,"  142,590,000 "
P-489,"Máy tính chủ HP DL120 G9 CTO E5-1620v3(3.5GHz/4Core/10MB), 32GB RAM(2x16GB), 2x300GB HDD, SA P440/4G, Install Rail Kit, 2x900W PS, Rack1U, 3Y WTY_777426-B21",Máy tính,"  58,930,000 "
P-490,"Bộ chuyển mạch HPE 5510 24G 4SFP+ HISwch, 3Y WTY (93557091; A9)_JH145A",Phụ kiện,"  122,850,000 "
P-491,"Thiết bị chuyển mạch HPE 8/24 Base 16-port Enabled Switch, 3Y WTY_AM868C",Phụ kiện,"  114,080,000 "
P-492,Cạc nối máy chủ với thiết bị lưu trữ Lenovo Qlogic 8Gb FC Dual-port HBA for Lenovo System X-42D0510,Phụ kiện,"  11,090,000 "
P-493,EXTRA! X-treme Licensed Unit Level D,Phụ kiện,"  2,640,000 "
P-494,Phần mềm EXTRA! X-treme Maintenance Level D,Phần mềm,"  700,000 "
P-495,Phần mềm SYMC ENDPOINT PROTECTION 12.1 PER USER RENEWAL ESSENTIAL 12 MONTHS EXPRESS BAND A (0E7IOZZ0-ER1EA),Phần mềm,"  180,000 "
P-496,Phần mềm VMware vSphere 6 with Operations Management Enterprise Plus for 1 processor,Phần mềm,"  40,300,000 "
P-497,Dịch vụ phần mềm Production Support/Subscription VMware vSphere 6 with Operation Management Enterprise Plus for 1 processor for 1 year,Phần mềm,"  8,310,000 "
P-498,Phần mềm Kis MD Kaspersky (5Pc),Phần mềm,"  420,000 "
P-499,Phần mềm OfficeStd 2016 SNGL OLP NL Acdmc,Phần mềm,"  770,000 "
P-500,Phần mềm WinPro 10,Phần mềm,"  980,000 "
P-501,Dịch vụ phần mềm Basic Support/Subscription VMware vRealize Operations 6 Standard (Per CPU) for 1 year_VR6-OSTDC-G-SSS-C,Phần mềm,"  7,290,000 "
P-502,"Phần mềm MySQL Standard Edition Subscription (1-4 socket server) (Server,1year)",Phần mềm,"  24,630,000 "
P-503,Phần mềm Autodesk Inventor Professional 2018 Commercial New Multi-user ELD Annual Subscription SPZD,Phần mềm,"  25,700,000 "
P-504,Phần mềm Photoshop Elements 15 Multiple Platforms International English AOO License,Phần mềm,"  1,660,000 "
P-505,Phần mềm Basic Support/Subscription VMware vSphere 6 Standard for 1 processor for 3 year,Phần mềm,"  9,060,000 "
P-506,Bản quyền phần mềm Kaspesky Anti Virus cho 3 máy tính (KL1171MCCFS),Phần mềm,"  200,000 "
P-507,Tấm mạch in đã lắp ráp MSI H81M-P33,Phụ kiện,"  790,000 "
P-508,Bộ vi xử lý Intel Haswell Pentium G3250 3.2ghz+quạt,Phụ kiện,"  810,000 "
P-509,Bộ nhớ trong DDR3 4Gb 1600Mhz (Crucial/Dato/Patriot/Silicon/Adata),Phụ kiện,"  480,000 "
P-510,Nguồn máy tính Hantkey HT-500,Phụ kiện,"  180,000 "
P-511,Bàn phím Genius KB-110 (USB),Phụ kiện,"  80,000 "
P-512,"Chuột máy tính Genius DX 110X, Black USB",Phụ kiện,"  60,000 "
P-513,Ô cứng Western 500Gb sata,Phụ kiện,"  650,000 "
P-514,Phần mềm SQLSvrStdCore 2016 SNGL OLP 2Lic NL CoreLic Qlfd (7NQ- 00806),Phần mềm,"  49,030,000 "
P-515,Dịch vụ phần mềm Production Support/Subscription VMware vSphere 6 Standard for 1 processor for 1 year,Phần mềm,"  3,740,000 "
P-516,Phần mềm Veritas ESSENTIAL 12 MONTHS RENEWAL FOR NETBACKUP DEDUPLICATION DATA PROTECTION OPTIMIZATION OPT XPLAT 1 FRONT END TB ONPREMISE STANDARD PERPETUAL LICENSE CORPORATE,Phần mềm,"  7,030,000 "
P-517,Phần mềm Cube IQ,Phần mềm,"  20,280,000 "
P-518,Phần mềm After Effects CC for teams ALL Multiple Platforms Multi Asian Languages Team Licensing Subscription Renewal 12 months,Phần mềm,"  4,160,000 "
P-519,"Camera quan sát IP TV-IP450P (1.3MP, POE + Dome outdoor) hiệu TRENDnet",Phụ kiện,"  12,090,000 "
P-520,Máy chiếu ảnh Epson EB-X31,Phụ kiện,"  6,650,000 "
P-521,Gia han hỗ trợ phần mềm/ Renewal of Software Support Subscription for Veeam backup & Replication,Phần mềm,"  18,900,000 "
P-522,Phần mềm CorelDRAW Graphics Suite 2017 Single User License,Phần mềm,"  8,020,000 "
P-523,Phần mềm ExchgeOnlnPlan1Open ShrdSvr SNGL Subs VL OLP NL Annual Qlfd (Q6Y-00003),Phần mềm,"  690,000 "
P-524,phần mềm Offce 365 Pro Plus,Phần mềm,"  890,000 "
P-525,phần mềm Annual Basic Maintenance Renewal - Veeam Backup Essentials Enterprise 2 socket bundle for VMware,Phần mềm,"  5,810,000 "
P-526,phần mềm 2 additional years of Basic maintenance prepaid for Veeam Backup Essentials Enterprise 2 socket bundle for VMware,Phần mềm,"  8,650,000 "
P-527,Thiết bị chuyển mạch Aruba 2930F 48G 4SFP SWITCH - JL260A,Phụ kiện,"  29,510,000 "
P-528,"Thiết bị chuyển mạch Aruba IAP-315(RW) AP-JW811A: 1X PD-9001GR-AC 1P GE 802.3AT MIDSPAN-JW629A, 1X AP-220-MNT-W1W MT BASIC WHITE KIT-JW047A, 1XXPC-AC-AC-EC CONTINENTAL EUROPEAN/SCHUKO AC POWER CORD-JW118A-1XHPE 1Y PARTNER-BRANDED NBD SUPPORT SVC-HPE ARUBA",Phụ kiện,"  13,700,000 "
P-529,Thiết bị kết nối không dây Optoma HDCast Pro,Phụ kiện,"  1,750,000 "
P-530,Máy chiếu Sony VPL-CH350,Phụ kiện,"  19,320,000 "
P-531,Cáp HDMI 5APRO866 20m,Phụ kiện,"  1,680,000 "
P-532,"Dây tín hiệu VGA 1,5m",Phụ kiện,"  390,000 "
P-533,Phần mềm OfficeMacStd 2016 SNGL OLP NL,Phần mềm,"  5,110,000 "
P-534,Phần mềm Workshare Professional 1 Year Subsrciption License(WORKSHARE-PRO-1Y),Phần mềm,"  4,310,000 "
P-535,phần mềm Creative Cloud for teams All Apps ALL Multiple Platforms Multi Asian Languages Team Licensing Subscription New Education Device license 12 months,Phần mềm,"  5,140,000 "
P-540,Phần mềm SQLCAL 2016 SNGL OLP NL DvcCAL,Phần mềm,"  2,860,000 "
P-541,Phần mềm NXPowerLite for File Servers 7 1TB Credit,Phần mềm,"  14,120,000 "
P-542,Thẻ cào CMC Interner Security BQ 12 tháng,Phụ kiện,"  160,000 "
P-543,Bộ nhớ HPE 16GB 1Rx4 PC4-2400T-R Kit_805349-B21,Phụ kiện,"  4,640,000 "
P-544,"Phần mềm Kaspersky Hybrid Cloud Security, CPU (PL Renew)",Phần mềm,"  12,520,000 "
P-545,Máy tính để bàn Dell Inspiron 3670MT 70157879(Core i5-8400/8GB/1TB/DVDRW/K+M/DOS),Máy tính,"  7,770,000 "
P-546,Phần mềm diệt virus Bitdefender Internet Security 1u/1y,Phần mềm,"  160,000 "
P-547,Phần mềm Gsuite basic 6 Month,Phần mềm,"  210,000 "
P-548,Phần mềm PrjctPro 2016 SNGL OLP NL w1PrjctSvrCAL,Phần mềm,"  11,490,000 "
P-549,"Màn hình  Dell UltraSharp U2917W 29""",Phụ kiện,"  4,720,000 "
P-550,Phần mềm Veeam Backup & Replication Standard,Phần mềm,"  10,500,000 "
P-551,Ổ cứng gắn trong Samsung SSD 860 EVO 250GB Model: MZ-76E250BW,Phụ kiện,"  1,740,000 "
P-552,"Bộ lưu điện SRT công suất 6000VA, điện áp 230V_SRT6KXLI",Phụ kiện,"  37,950,000 "
P-553,Bộ máy tính,Phụ kiện,"  10,400,000 "
P-554,Bộ thu phát Linksys LAP AC1750 POE,Phụ kiện,"  4,080,000 "
P-555,Phí sử dụng phần mềm Office 365 Business Essentials - 12 tháng,Phần mềm,"  660,000 "
P-556,Phần mềm Adobe Audition CC for teams ALL Multiple Platforms Multi Asian Languages Team Licensing Subscription New - 12 months,Phần mềm,"  4,940,000 "
P-557,"Máy tính để bàn Dell Vostro 3470 - Intel Core  i3-8100 (3.60 GHz, 6MB), 8GB  DDR4, 1TB HDD 7200rpm, Intel UHD Graphics 630, DVD-RW, Wifi + bluetooth, chuột, Phím, Ubuntu",Máy tính,"  5,920,000 "
P-558,Phần mềm WebStorm Commercial annual subscription (1 Year),Phần mềm,"  2,000,000 "
P-559,Cổng nối mạng Dinstar DAG2000-16S,Phụ kiện,"  7,510,000 "
P-560,Thiết bị chia mạng TP- link SG1024D,Phụ kiện,"  980,000 "
P-561,Cạc kết nối máy chủ với thiết bị lưu trữ Lenovo Emulex 8Gb FC Single - port HBA for Lenovo System X - 42D0485,Phụ kiện,"  5,640,000 "
P-562,Bộ nhớ trong DDR3 Kingstons 4GB bus 1600,Phụ kiện,"  490,000 "
P-563,Bộ nhớ trong Kingston 8G D4-2400U17 1Rx8 nonECC 288P,Phụ kiện,"  1,430,000 "
P-564,Phần mềm G Suite Basic 1 Month,Phần mềm,"  30,000 "
P-565,"Phần mềm Kaspersky Endpoint Security For Business-Select
(PL )",Phần mềm,"  610,000 "
P-566,Phần mềm Basic support/subscription VMware vSphere 6 standard for 1 processor 1year,Phần mềm,"  4,890,000 "
P-567,Phần mềm Oracle Database Standard Edition 2 - Processor Perpetual,Phần mềm,"  185,180,000 "
P-568,Hỗ trợ kỹ thuật phần mềm Oracle Database Standard Edition 2 - Named User Plus Perpetual (1 năm),Phần mềm,"  40,740,000 "
P-569,Phần mềm Winrar (WINRAR),Phần mềm,"  340,000 "
P-570,Phí sử dụng phần mềm Office 365 Business Essentials - 9 months,Phần mềm,"  330,000 "
P-571,Phần mềm Autodesk AutoCADLT 2016 RL2 DVD WOS (057H1-R26340-3491),Phần mềm,"  13,500,000 "
P-572,Máy chiếu Sony VPL-EX295(công suất trên 300inch),Phụ kiện,"  16,210,000 "
P-573,Phần mềm Win HmBasic 7 SP1 x64 English SEA 1pk DSP OEI (F2C-01535),Phần mềm,"  1,070,000 "
P-574,Phần mềm Winrar Archiver 25-49 Users-Anunual Maintenance,Phần mềm,"  180,000 "
P-575,Phần mềm Veeam Backup Essentials Standard 2 socket bundle for VMware,Phần mềm,"  18,100,000 "
P-576,"Phần mềm 24/7 maintenance uplift, Veeam Backup Essentials Standard 2 socket bundle for VMware – ONE year",Phần mềm,"  1,000,000 "
P-577,phần mềm Autodesk AutoCAD LT 2017 Commercial New Single-user ELD 2-Year Subscription with Advanced Support PROMO,Phần mềm,"  6,230,000 "
P-578,Phần mềm Autodesk AutoCAD LT 2017 Commercial New Single-user ELD 3-Year Subscription with Advanced Support ELD (057I1-WW3033-T744),Phần mềm,"  7,950,000 "
P-579,Phần mềm Eset NOD32 Antivirus 1Y1U,Phần mềm,"  80,000 "
P-580,"Máy tính xách tay HP Probook 440 G3 (X4K48PA) Intel Core i5-6200U(2.3GHz up to 2.8GHz, 3MB)/ Ram 4GB DDRL4 (2 khe ram)/ 256GB SSD HDD/Intel HD Graphics/ 14 inch Full HD/FingerPrint/ VGA/HDMI card reader/4 cell/ Lan+WC+WL+BT/Free Dos/ 1Y Wty",Máy tính,"  8,070,000 "
P-581,phần mềm Basic Support/Subscription for VMware Horizon 7 Standard Add-On: 10 Pack (CCU) for 1 year (Thời hạn: 5 years),Phần mềm,"  23,070,000 "
P-582,phần mềm Autodesk AutoCAD 2018 Commercial New Multi-user ELD Annual Subscription,Phần mềm,"  24,720,000 "
P-583,Bảng mạch chính ASUS H110M-D,Phụ kiện,"  980,000 "
P-584,Bộ vi xử lý Intel Pentium G4400-3.30Ghz + Quạt,Phụ kiện,"  770,000 "
P-585,Bộ nhớ trong Kingston 4GD4-2133C15,Phụ kiện,"  480,000 "
P-586,Nguồn Acbel HK 350w,Phụ kiện,"  270,000 "
P-587,Màn Hình SamSung S20D300NHMXV,Phụ kiện,"  1,200,000 "
P-588,Vỏ Case ATX ORIENT 3008,Phụ kiện,"  150,000 "
P-589,phần mềm IBM MAIL DUAL ENTITLEMENT PLUS APPLICATIONS AUTHORIZED USER PER MONTH,Phần mềm,"  900,000 "
P-590,Phần mềm ReSharper Ultimate Switch from ReSharper perpetual valid 1 Year,Phần mềm,"  5,200,000 "
P-591,Bộ nhớ trong GSkill F4-2133C15D-8GVR (4GB),Phụ kiện,"  480,000 "
P-592,Phần mềm WinSvrCAL 2016 SNGL OLP NL DvcCAL,Phần mềm,"  360,000 "
P-593,"Hộp máy tính Intel NUC KIT BOXNUC7I3BNH UCFF (Bao gồm: Mạch chính có tích hợp chip xử lý Intel Core I3-7100U 2.4GHz, vỏ)",Phụ kiện,"  3,920,000 "
P-594,Bộ nhớ trong Kingston 4GB DDR4 2133 C15 SODIMM 1.2V (KVR21S15S8/4),Phụ kiện,"  360,000 "
P-595,Ổ cứng Hitachi-HGST 2.5' 500GB - 7mm - 1W10013,Phụ kiện,"  640,000 "
P-596,Cáp chuyển đổi HDMI to VGA,Phụ kiện,"  160,000 "
P-597,Phần mềm Kaspersky Anti - Virus for File Server (Base),Phần mềm,"  710,000 "
P-598,Bộ nhớ RAM của máy tính hiệu ADATA DDR3U-DIMM 1600512X84GB11-SINGLE TRAY (AD3U1600W4D11-S),Phụ kiện,"  450,000 "
P-599,Điện thoại kéo dài Panasonic KX-TGC212-Bạc,Phụ kiện,"  780,000 "
P-600,PHẦN MỀM DÙNG CHO MÁY VI TÍNH AVG FILE SERVER EDITION 3C 3Y,Phần mềm,"  2,030,000 "
P-601,Bộ lưu điện (UPS) santak 1000 VA,Phụ kiện,"  1,660,000 "
P-602,Máy tính Dell Vostro 3669 Desktop Core i5-7400/4GB Ram/1TB HDD/DVDRW/Wireless-Bluetooth/Mouse/keyboard/,Máy tính,"  6,090,000 "
P-603,Màn hình Dell LED P1917S-19',Phụ kiện,"  2,560,000 "
P-604,Máy in Canon LBP6230dn,Phụ kiện,"  1,900,000 "
P-605,Ổ cứng lắp trong Western Digital RED 2TB3.5 - WD20EFRX,Phụ kiện,"  1,360,000 "
P-606,Phần mềm diệt virus Trendmicro Worry Free Security Standard New 1 Year,Phần mềm,"  210,000 "
P-607,Phần mềm SQLCAL 2017 SNGL OLP NL UsrCAL,Phần mềm,"  2,670,000 "
P-608,Phần mềm quản lý dự án Primavera P6 Professional Project Management (Application User; Perpetual),Phần mềm,"  6,890,000 "
P-609,"Dây HDMI đồng 100%, 19+1 dài 1.5M Ugreen (10128)",Phụ kiện,"  220,000 "
P-610,Phần mềm Nagios XI Maintenance (100 Node),Phụ kiện,"  28,120,000 "
P-611,Phần mềm Adobe Premiere Pro CC for teams ALL  Multiple Platforms Multi Asian Languages Team Licensing Subscription New 36 months,Phần mềm,"  5,320,000 "
P-612,Phần mềm After Effects CC for teams ALL Multiple Platforms Multi Asian Languages Team Licensing Subscription New - 12 months,Phần mềm,"  4,940,000 "
P-613,"Thiết bị thu phát vô tuyến Vigor AP910C, hiệu Draytek",Phụ kiện,"  1,850,000 "
P-614,Phần mềm CD-ROM STAHLSCHLÜSSEL – Key to steel 2.4 edition 2016 (Standalone),Phần mềm,"  9,960,000 "
P-615,Điện thoại Xiaomi Redmi Note5 32G DGW,Phụ kiện,"  2,730,000 "
P-616,Phần mềm WinSvrCAL 2012 SNGL OLP NL DvcCAL R18-04277 (R18-04277),Phần mềm,"  370,000 "
P-617,Phần mềm bản quyền Microsoft SQLCAL 2014 SNGL OLP NL UsrCAL(359-06098),Phần mềm,"  2,740,000 "
P-618,Phần mềm Autodesk T-Splines Plug-in for Rhino 4 Commercial New SLM,Phần mềm,"  10,670,000 "
P-619,Phần mềm AddOn Channel11,Phần mềm,"  13,760,000 "
P-620,Phần Mềm VSPro 2015 SNGL OLP NL,Phần mềm,"  6,920,000 "
P-621,Phần mềm SYMC ENDPOINT PROTECTION 12.1 PER USER BNDL STD LIC GOV BAND A ESSENTIAL 36 MONTHS_0E7IOZF0-EI3GA (0E7IOZF0-EI3GA),Phần mềm,"  460,000 "
P-622,Phần mềm WinSvrCAL 2012 SNGL OLP NL Acdmc DvcCAL,Phần mềm,"  340,000 "
P-623,Phần mềm Autodesk AutoCAD Civil 3D 2018 Commercial New Single-user ELD Annual Subscription SPZD,Phần mềm,"  16,580,000 "
P-624,phần mềm Autodesk 3ds Max 2018 Commercial New Single-user Additional Seat Quarterly Subscription SPZD,Phần mềm,"  4,130,000 "
P-625,phần mềm Autodesk Maya 2017 Commercial New Single-user Additional Seat Quarterly Subscription SPZD,Phần mềm,"  3,840,000 "
P-626,Bộ nhớ Ram của máy vi tính hiệu GEIL 4GB DDR4 19200 2400MHz SC (GP44GB2400C16SC),Phụ kiện,"  430,000 "
P-627,"Ổ cứng gắn trong WD Digital 500gb3.5""",Phụ kiện,"  660,000 "
P-628,Vỏ máy tính Segotep AP911,Phụ kiện,"  170,000 "
P-629,Phần mềm SYMC ENDPOINT PROTECTION 14 PER USER RENEWAL ESSENTIAL 12 MONTHS EXPRESS BAND C,Phần mềm,"  170,000 "
P-630,Phần mềm ứng dụng Office 365 Business- 12 months,Phần mềm,"  1,270,000 "
P-631,phần mềm Creative Cloud for teams All Apps ALL Multiple Platforms Multi Asian Languages Team Licensing Subscription Renewal 12 months,Phần mềm,"  3,720,000 "
P-632,phần mềm Photoshop CC for team ALL Multiple Platforms Multi Asian Languages Team Licensing Subscription New 12 months,Phần mềm,"  4,860,000 "
P-633,Bộ chuyển đổi HDMI sang VGA Ugreen (40212),Phụ kiện,"  250,000 "
P-634,Phần mềm OpenKM Cloud,Phần mềm,"  2,870,000 "
P-635,Phần mềm Sophos 1 Year Endpoint Protection Standard,Phần mềm,"  620,000 "
P-636,Phần mềm OneDriveforBsnssPlan1Open ShrdSvr SNGL SubsVL OLP NL Annual Qlfd,Phần mềm,"  890,000 "
P-637,Chuột máy tính Fuhlen L102,Phụ kiện,"  70,000 "
P-638,Phần mềm Maya Commercial Single-user Quarterly Subscription Renewal,Phần mềm,"  3,750,000 "
P-639,Phần mềm 3ds Max Commercial Single-user Quarterly Subscription Renewal,Phần mềm,"  3,750,000 "
P-640,Phần mềm Teamstudio CIAO! Client,Phần mềm,"  22,250,000 "
P-641,"Phần mềm Endpoint Encryption, Renewal Software Maintenance, 1-24 Devices 1 YR",Phần mềm,"  930,000 "
P-642,Phí sử dụng phần mềm Exchange Online Kiosk -12 months,Phần mềm,"  280,000 "
P-643,phần mềm ESET Endpoint protection Advanced 1 year,Phần mềm,"  390,000 "
P-644,"MÁY TÍNH Lenovo V520S-08IKL DESKTOP G4560 4GB Lenovo V520 sff/ INTEL PENTIUM g4560 3.5G 2G; MEMORY/4GB DDR4 2400 UDIMM/ 500GB 7200 rpm 3.5"" SATA3  HDD/USB mouse/ DOS/ 1Y-",Máy tính,"  8,400,000 "
P-645,"Phần mềm Brava! Desktop. LIMITED CAD + image, All features (1 year maintenance)",Phần mềm,"  3,750,000 "
P-646,Chuột quang Logitech M105 Black USB (LOGITECH-M105),Phụ kiện,"  100,000 "
P-647,Phần mềm Prjct 2013 SNGL OLP NL (076-05334),Phần mềm,"  6,370,000 "
P-648,Phần mềm SYMC ENDPOINT PROTECTION 12.1 PER USER BNDL STD LIC EXPRESS BAND B ESSENTIAL 36 MONTHS,Phần mềm,"  660,000 "
P-649,Phần mềm SYMC ENDPOINT PROTECTION 12.1 PER USER BNDL STD LIC EXPRESS BAND C ESSENTIAL 12 MONTHS (0E7IOZF0-EI1EC),Phần mềm,"  290,000 "
P-650,Phần mềm SYMC ENDPOINT PROTECTION 12.1 PER USER RENEWAL ESSENTIAL 12 MONTHS EXPRESS BAND C,Phần mềm,"  170,000 "
P-651,Phần mềm Kaspersky Endpoint Security for Business - Select (3 Year),Phần mềm,"  580,000 "
P-652,Phần mềm Norton Antivirus 2012(NAV2012),Phần mềm,"  80,000 "
P-653,Phần mềm IP-Guard v3 Additional 10 agents with 11 modules,Phần mềm,"  2,070,000 "
P-654,Chuột Logitech M100R,Phụ kiện,"  80,000 "
P-655,Phần mềm Winrar 50-99 u,Phần mềm,"  130,000 "
P-656,Phần mềm IP-Guard v3 10 agents with 11 modules,Phần mềm,"  2,210,000 "
P-657,Phần mềm Từ điển Việt Nhật mtdJVN,Phần mềm,"  460,000 "
P-658,Phần mềm SYMC ENDPOINT PROTECTION 12.1 PER USER BNDL STD LIC ACAD BAND A ESSENTIAL 12 MONTHS,Phần mềm,"  140,000 "
P-659,"Máy tính chủ HP DL 380 G9 CTO 2xE5-2660V3(2.6GHz/10Core/25Mb, 256Gb Ram(16x16Gb)2x300Gb HDD, DVDRW, SAP440ar/2Gb, 560FLR Adptr, Nic 331i, 2x82EFC,SB, Rail Kit, 2x800W PS, DP On-line Bk for WindowsE-LTU, Rack 2U, 3Y WTY_719064-B21",Máy tính,"  199,630,000 "
P-661,Phần mềm IP-Guard v3 Maintenance Renewal,Phần mềm,"  220,000 "
P-662,"Bộ chuyển mạch HP Switch 1410-24G, HP WTY_91960089_J9561A",Phụ kiện,"  2,480,000 "
P-663,Phần mềm Veeam Backup & Replication Standard for VMware,Phần mềm,"  17,260,000 "
P-664,"Phần mềm 24/7 maintenance uplift, Veeam Backup & Replication Standard for VMware – ONE year",Phần mềm,"  960,000 "
P-665,Phần mềm Win Pro 10 SNGL Upgrd OLP NL FQC-09525,Phần mềm,"  2,330,000 "
P-666,Phần mềm WinSvrSTDCore 2016 SNGL OLP 2Lic NL CoreLic,Phần mềm,"  1,380,000 "
P-667,Phần mềm Solid Converter v9,Phần mềm,"  1,190,000 "
P-668,Phần mềm Microsoft WinRmtDsktpSrvcsCAL 2016 SNGL OLP NL UsrCAL,Phần mềm,"  1,450,000 "
P-669,Phần mềm IP-Guard agents with 11 modules,Phần mềm,"  2,210,000 "
P-670,Phần mềm SYMC ENDPOINT PROTECTION 14 PER USER BNDL STD LIC EXPRESS BAND B ESSENTIAL 12 MONTHS,Phần mềm,"  350,000 "
P-671, Phần mềm MtdEVA-Từ điển Lạc Việt (vĩnh viễn)+ chuyên ngành tài chính ngân hàng,Phần mềm,"  390,000 "
P-672,Phần mềm PhpStorm - Commercial annual subcription,Phần mềm,"  2,800,000 "
P-673,"phần mềm Protection Engine for Cloud Services, License, ACD-GOV 50-99 Users",Phần mềm,"  160,000 "
P-674,"phần mềm Protection Engine for Cloud Services, Initial Software Maintenance,ACD-GOV 50-99 Users 1 YR",Phần mềm,"  120,000 "
P-675,Phần mềm SYMC ENDPOINT PROTECTION 14 PER USER RENEWAL ESSENTIAL 12 MONTHS EXPRESS BAND E,Phần mềm,"  130,000 "
P-676,Phần mềm ESET Endpoint Protection Standard 1 year,Phần mềm,"  270,000 "
P-677,Phần mềm Kaspersky Endpoint Security For Business-Select(Base),Phần mềm,"  370,000 "
P-678,MtdEVA-Từ điển Lạc Việt Anh Việt - Việt Anh:10-100 users,Phụ kiện,"  190,000 "
P-679,phần mềm SYMC ENDPOINT PROTECTION 14 PER USER BNDL STD LIC EXPRESS BAND A ESSENTIAL 60 MONTHS,Phần mềm,"  1,710,000 "
P-680,Phần mềm Photoshop CC for teams ALL Multiple Platforms Multi Asian Languages Team Licensing Subscription Renewal- 12 months,Phần mềm,"  3,280,000 "
P-681,"Phần mềm máy tính / IBM Mail Dual Entitlement plus Applications Authorized User per Month (Authorized User) IBM
D1HY5LL
D1HY6LL (Free)",Phần mềm,"  1,100,000 "
P-682,Phần mềm SfBOnlnP2Open ShrdSvr SNGL SubsVL OLP NL Annual Qlfd,Phần mềm,"  890,000 "
P-683,Phần mềm SYMC PROTECTION SUITE ENTERPRISE EDITION 5.0 PER USER RENEWAL ESSENTIAL 12 MONTHS EXPRESS BAND F,Phần mềm,"  240,000 "
P-684,phần mềm IP- Guard v3 Maitenance renewal agent with 11 modules,Phần mềm,"  250,000 "
P-685,Phần mềm Illustrator CC ALL Multiple Platforms Multi Asian Languages Licensing Subscription 12 months,Phần mềm,"  3,900,000 "
P-686,Phần mềm Kaspersky Endpoint Security for Business – Select,Phần mềm,"  440,000 "
P-687,Phần mềm Foxit PhantomPDF Business 8,Phần mềm,"  2,210,000 "
P-688,Phần mềm ứng dụng Office 365 Business- 3 months,Phần mềm,"  300,000 "
P-689,Phần mềm Illustrator CC for teams ALL  Multiple Platforms Multi Asian Languages Team Licensing Subscription New 12 months,Phần mềm,"  3,950,000 "
P-690,Phần mềm Photoshop CC for teams ALL  Multiple Platforms Multi Asian Languages Team Licensing Subscription New 12 months,Phần mềm,"  4,610,000 "
P-691,Phần mềm Acrobat Pro DC for teams ALL Multiple Platforms Multi Asian Languages Team Licensing Subscription New 12 months,Phần mềm,"  2,300,000 "
P-692,Phần mềm SYMC ENDPOINT PROTECTION 14 PER USER RENEWAL ESSENTIAL 12 MONTHS EXPRESS BAND B,Phần mềm,"  260,000 "
P-693,Phần mềm NXPowerLite Desktop 7 – 1 user,Phần mềm,"  1,010,000 "
P-694,Dịch vụ gia hạn duy trì phần mềm Trend Micro Enterprise Security for Endpoints - Standard - 01 năm,Phần mềm,"  360,000 "
P-695,Gia hạn phần mềm Mcafee (MFE EP Threat Protection 1Yr BZ [P+]),Phần mềm,"  200,000 "
P-696,Phần mềm Autodesk AutoCAD Mechanical 2018 Commercial New Multi-user ELD Annual Subscription SPZD,Phần mềm,"  20,070,000 "
P-697,"Phần mềm Trend Micro Worry Free Business Security Standard, NEW",Phần mềm,"  400,000 "
P-698,Phần mềm SQLSvrStdCore SNGL LicSAPk OLP 2Lic NL CoreLic Qlfd,Phần mềm,"  66,300,000 "
P-699,Phần mềm Microsoft WinSvrDCCore 2016 SNGL OLP 2Lic NL CoreLic Qlfd,Phần mềm,"  9,630,000 "
P-700,Phần mềm SQLCAL 2017 SNGL OLP NL DvcCAL,Phần mềm,"  2,400,000 "
P-701,Chuột vi tính Fuhlen X102S,Phụ kiện,"  120,000 "
P-702,Phần mềm MFE Complete EP Bus P:3BZ[P+]CompUPGD,Phần mềm,"  830,000 "
P-703,Phần mềm Veeam Agent licensed by Workstation 1 Year Subscription Upfront Billing License & Production (24/7) Support,Phần mềm,"  680,000 "
P-704,"Phần mềm Endpoint Protection, Renewal Software Maintenance, 25-49 Devices 1 YR",Phần mềm,"  320,000 "
P-705,phần mềm Annual Basic Maintenance Renewal Expired - Veeam Backup & Replication Enterprise for VMware,Phần mềm,"  6,200,000 "
P-706,phần mềm Annual Basic Maintenance Renewal  - Veeam Backup & Replication Enterprise for VMware,Phần mềm,"  4,960,000 "
P-707,Phần mềm 1 Additional year ò Production ( 24/7) maintenance prepaaid for Veeam Backup & Replication Enterprise,Phần mềm,"  7,260,000 "
P-708,"Phần mềm 24/7 maintenance uplift, Veeam Backup & Replication Standard for VMware – ONE month",Phần mềm,"  100,000 "
P-709,Phần mềm Kaspersky Endpoint Security for Business - Select (Public Sector) - NEW 3 Years - KES-SELECT,Phần mềm,"  590,000 "
P-710,Camera quan sát VP3402,Phụ kiện,"  1,690,000 "
P-711,Phần mềm WIN HOME 10 WIN32 ENG INTL 1pk DSP OEI DVD KW9-00185,Phần mềm,"  1,360,000 "
P-712,MFE Complete EP Protect Bus P:1 BZ [P+],Phụ kiện,"  730,000 "
P-713,Phí sử dụng phần mềm Exchange Online (Plan 1) - 7 months,Phần mềm,"  160,000 "
P-714,Phần mềm sao lưu Acronis: Acronis Backup 12.5 Advanced Server License (A1WYLPZZS),Phần mềm,"  17,520,000 "
P-715,Phần mềm sao lưu Acronis : Acronis Backup 12.5 Advanced Virtual Host License (V2HNLPZZS),Phần mềm,"  19,710,000 "
P-716,Phần mềm Trend Micro Enterprise Security for Endpoints - Standard - 01 năm – ADD-ON,Phần mềm,"  560,000 "
P-717,Phần mềm MFE EP Threat Protection P:1 BZ [P+],Phần mềm,"  220,000 "
P-718,"Phần mềm Endpoint Protection, Initial",Phần mềm,"  780,000 "
P-719,Phần mềm ESET Endpoint Protection Standard 3 year,Phần mềm,"  390,000 "
P-720,"Phần mềm Dropbox Business Standard - new subscription, 1 year",Phần mềm,"  2,810,000 "
P-721,"Endpoint Protection, Renewal Software Maintenance, 250-499 Devices 1 YR",Phụ kiện,"  210,000 "
P-722,Phần mềm Illustrator CC ALL Multiple Platforms Multi Asian Languages Licensing Subscription Renewal 12 months - 65270548BA02A12,Phần mềm,"  5,180,000 "
P-723,Phần mềm SharePointStdCAL 2016 SNGL OLP NL UsrCAL,Phần mềm,"  1,570,000 "
P-724,Phí sử dụng phần mềm Office 365 Business essential -6 months,Phần mềm,"  450,000 "
P-725,Phần mềm Illustrator CC for teams  ALL Multiple Platforms Multi Asian Languages Team Licensing Subscription Renewal - 12 Months (65270548BA14A12),Phần mềm,"  4,720,000 "
P-726,Phần mềm Acrobat Pro DC for teams ALL Multiple Platforms Multi Asian Languages Team Licensing Subscription Renewal- 12 Months (65233373BA14A12),Phần mềm,"  2,190,000 "
P-727,Phần mềm 3ds Max Commercial Maintenance Plan (1 year) (Renewal),Phần mềm,"  6,460,000 "
P-728,Phần mềm Foxit PhantomPDF Business,Phần mềm,"  2,000,000 "
P-729,Phần mềm Acrobat Pro 2017 Multiple Platforms International English AOO License,Phần mềm,"  6,590,000 "
P-730,Máy in Kim Epson LQ-310,Phụ kiện,"  3,090,000 "
P-731,Máy in Laser đen trắng Canon LBP 3300(FT) (CANON-LBP3300),Phụ kiện,"  2,770,000 "
P-732,Thiết bị phát sóng Wifi Cisco Aironet AIR-SAP2602E-E-K9,Phụ kiện,"  10,540,000 "
P-733,Bộ bàn phím chuột Logitech MK200,Phụ kiện,"  290,000 "
P-734,Dịch vụ phần mềm Production Support/Subscription VMWare vRealize Operrations 6 Standard (25 VM Pack) for 1 year_VR6-OSTD25-P-SSS-C,Phần mềm,"  9,100,000 "
P-735,Phần mềm Production Support Coverage VMware vSphere 6 Enterprise Plus for 1 processor,Phần mềm,"  11,000,000 "
P-736,Phần mềm ESET Secure Business,Phần mềm,"  230,000 "
P-737,Phần mềm ESET Mail Security for Microsoft Exchange Server ( Buy new - 1 year ),Phần mềm,"  160,000 "
P-738,Phần mềm Basic Support/Subscription VMwave vSphere 6 Enterprise for 1 processor for 1 year ( 01 month),Phần mềm,"  7,870,000 "
P-739,Phần mềm Production Support/Subscription for vCenter Server 6 Standard for vSphere 6 for 1 Year,Phần mềm,"  8,990,000 "
P-740,Phần mềm VMware vCloud Suite 7 Standard,Phần mềm,"  57,280,000 "
P-741,Dịch vụ phần mềm Production Support/Subscripton VMware vCloud Suite 7 Standard for 1 year,Phần mềm,"  15,720,000 "
P-742,Phần mềm quản trị máy chủ,Phần mềm,"  430,000 "
P-743,Bộ nhớ trong Kingston 2GB R3-1600U11,Phụ kiện,"  180,000 "
P-744,Phần mềm Think-cell,Phần mềm,"  3,570,000 "
P-745,Sửa máy chấm công,Phụ kiện,"  740,000 "
P-746,Phần mềm SYMC ENDPOINT PROTECTION 14 PER USER RENEWAL ESSENTIAL 12 MONTHS ACAD BAND A,Phần mềm,"  100,000 "
P-747,Ổ cứng SSD Kingston SA400S37/240G,Phụ kiện,"  1,270,000 "
P-748,Phần mềm Production Support/Subscription VMware vSphere 6 with Operations Management Enterprise Plus for 3 years,Phần mềm,"  27,970,000 "
P-749,Phần mềm SYMC ENDPOINT PROTECTION 14 PER USER BNDL STD LIC EXPRESS BAND D ESSENTIAL 36 MONTHS,Phần mềm,"  1,050,000 "
P-750,Phần mềm SYMC ENDPOINT PROTECTION 14 PER USER BNDL STD LIC EXPRESS BAND D ESSENTIAL 12 MONTHS,Phần mềm,"  390,000 "
P-751,Đầu nối dây cáp mạng máy vi tính (P/N: 6-2111989-3),Phụ kiện,"  20,000 "
P-752,"phần mềm 24/7 maintenance uplift, Veeam Availability Suite Enterprise for VMware – ONE year",Phần mềm,"  1,800,000 "
P-753,"Phần mềm Endpoint Protection, Renewal Software Maintenance, 50-99 Devices 1 YR",Phần mềm,"  300,000 "
P-754,"Phần mềm Endpoint Protection, License, 1-24 Devices",Phần mềm,"  290,000 "
P-755,"Phần mềm Endpoint Protection, Initial Software Maintenance, 1-24 Devices 1 YR",Phần mềm,"  410,000 "
P-756,"Bộ lưu điện công suất 3000VA, điện áp 230V_SRT3000XLI",Phụ kiện,"  17,790,000 "
P-757,"Ổ cứng Western SSD 240GB sata3, màu xanh-Green(WDS240G1G0A)",Phụ kiện,"  480,000 "
P-758,"Máy tính để bàn HP Pavilion 570-p078l / Intel Core i7-7700 (3.6GHz, 8MB)/ 16GB RAM DDR4/ 1TB HDD/ DVDRW/ NVidia GT730 2GB G5 Graphics/ Wlan bgn+BT/ USB Mouse & Key/ FreeDos/ 1Y WTY",Máy tính,"  11,600,000 "
P-759,Dây tín hiệu VGA LCD 3m YC504,Phụ kiện,"  60,000 "
P-760,Phần mềm ExchgStdCAL 2016 SNGL OLP NL DvcCAL,Phần mềm,"  870,000 "
P-761,Phần mềm Foxit PhantomPDF Standard 7,Phần mềm,"  1,300,000 "
P-762,Phần mềm SQLCAL 2014 SNGL OLP NL DvcCAL (359-06096),Phần mềm,"  2,440,000 "
P-763,Phần mềm Microsoft ExchgStdCAL 2013 SNGL OLP NL UsrCAL_381-04315,Phần mềm,"  950,000 "
P-764,Phần mềm Win HmBasic 7 SP1 x32 English SEA 1pk DSP OEI (F2C-01534),Phần mềm,"  1,250,000 "
P-765,ESET ENDPOINT Antivirus (EPAV-U9),Phụ kiện,"  230,000 "
P-766,Phần mềm Trend Micro Enterprise Security for Endpoint-Standard,Phần mềm,"  540,000 "
P-767,Phần mềm SYMC ENDPOINT PROTECTION 12.1 PER USER BNDL STD LIC EXPRESS BAND B ESSENTIAL 12 MONTHS (0E7IOZF0-EI1EB),Phần mềm,"  550,000 "
P-768,Phần mềm OfficeProPlus 2016 SNGL OLP NL Acdmc,Phần mềm,"  950,000 "
P-769,Phần mềm Eset Antivirus ( renew - 01 year),Phần mềm,"  230,000 "
P-770,Phần mềm Update From AddOn Channel 10 to 11,Phần mềm,"  5,170,000 "
P-771,Phần mềm SYMC ENDPOINT PROTECTION 12.1 PER USER BNDL COMP UG LIC ACAD BAND A ESSENTIAL 12 MONTHS,Phần mềm,"  80,000 "
P-772,MFE Complete Data Prtxn P:1Gold [P+],Phụ kiện,"  1,280,000 "
P-773,Phần mềm USB Flash Security #,Phần mềm,"  550,000 "
P-774,Phần mềm Kaspersky Enpoint Security for Business - Select (New),Phần mềm,"  530,000 "
P-775,Phần mềm Bitdefender GravityZone Business Security (Renewal),Phần mềm,"  150,000 "
P-776,"Kaspersky Security for Virtualization, Core (PL)",Phụ kiện,"  1,790,000 "
P-777,Phần mềm O365ProPlusOpen ShrdSvr SNGL SubsVL OLP NL Annual Qlfd,Phần mềm,"  1,700,000 "
P-778,Dịch vụ gia hạn phần mềm Trend Micro Enterprise Security for Endpoints - Standard,Phần mềm,"  600,000 "
P-779,Phần mềm ESET Endpoint Protection Advanced 2001-RN-1Y,Phần mềm,"  350,000 "
P-780,Phần mềm Upgrade - KeyShot 7 HD to Enterprise,Phần mềm,"  40,380,000 "
P-781,Máy tính để bàn Dell Vostro 3268ST_9C32X11,Máy tính,"  4,280,000 "
P-782,Phần mềm Photoshop CC for teams ALL Multiple Platforms Multi Asian Languages Team Licensing Subscription New 12 months,Phần mềm,"  5,090,000 "
P-783,Phần mềm IntelliJ IDEA Ultimate Commercial annual subscription (1 Year),Phần mềm,"  7,630,000 "
P-784,Phần mềm G Suite Basic 1 Year,Phần mềm,"  320,000 "
P-785,"Phần mềm Endpoint Protection, Initial Subscription License with Support, 25-49 Devices 1 YR",Phần mềm,"  480,000 "
P-786,Phần mềm 3ds Max Commercial Single-user Annual Subscription Renewal (1 Year),Phần mềm,"  14,500,000 "
P-787,Phần mềm AutoCAD LT 2019 Commercial New Single-user ELD Annual Subscription (057K1-WW8695-T548),Phần mềm,"  3,860,000 "
P-788,Phần mềm AutoCAD LT Commercial Single-user Annual Subscription Renewal ( 057I1-009704-T385),Phần mềm,"  4,190,000 "
P-789,Phí Kỹ Thuật,Phụ kiện,"  1,740,000 "
P-790,Phần mềm Microsoft Office 365 Personal English 1YR P4 (QQ2-00807),Phần mềm,"  660,000 "
P-791,Phần mềm hỗ trợ download,Phần mềm,"  360,000 "
P-792,"Phần mềm Endpoint Protection, Renewal Software Maintenance, 100-249 Devices 1 YR",Phần mềm,"  250,000 "
P-793,Phần mềm Illustrator CC for teams ALL Multiple Platforms Multi Asian Languages  Team Licensing Subscription New- 12 months (65297605BA01A12),Phần mềm,"  6,260,000 "
P-794,Phần mềm Microsoft Office 365 Home English 1 YR P4(6GQ-00968),Phần mềm,"  910,000 "
P-795,"Giấy chứng nhận dịch vụ bảo hành phần mềm Citrix: Renew for Citrix Virtual Apps Advanced Edition S/N: LA-0002090929-96024, Service Level: Select, New Service Start Date: 01/04/2019, New Service End Date: 31/03/2020 ",Phần mềm,"  5,250,000 "
P-796,"Giấy chứng nhận dịch vụ bảo hành phần mềm Citrix: Renew for Citrix Virtual Apps Advanced Edition S/N: LA-0002418634-66011, Service Level: Select, New Service Start Date: 22/03/2019, New Service End Date: 31/03/2020",Phần mềm,"  4,890,000 "
P-797,"Giấy chứng nhận dịch vụ bảo hành phần mềm Citrix: Renew for Citrix Virtual Apps Advanced Edition S/N: LA-0002421281-14662, Service Level: Select, New Service Start Date: 20/06/2019, New Service End Date: 31/03/2020",Phần mềm,"  4,550,000 "
P-798,Phần mềm Microsoft Office Home and Business 2019 English APAC EM Medialess (T5D-03249),Phần mềm,"  3,120,000 "
P-799,Phần mềm Trend Micro Internet Security,Phần mềm,"  70,000 "